"election_date","office_name","district_type","district_name","COUNTY_NAM","VTD_NUM","votes_cast","Alexander Mamoru Max Uballez","Christopher Gledon Hensley","Daniel Chavez","Darren White","Eddie r Varela","Eva i Tellez","Jason r Baldwin","Larry Ray Clark","Latanya m Boyce","Louie Sanchez","Mayling m Armijo","Richard r Cota","Sharon a Mcdonald","Ted m Morgan","Timothy m Keller","Timothy Zeph Jennings"
"2025","Mayor ALAMO CITY DISTRICT- ALL","City","Alamo City","Otero","15",59,0,0,0,0,0,0,23,0,11,0,0,0,25,0,0,0
"2025","Mayor ALAMO CITY DISTRICT- ALL","City","Alamo City","Otero","17",137,0,0,0,0,0,0,50,0,21,0,0,7,51,8,0,0
"2025","Mayor ALAMO CITY DISTRICT- ALL","City","Alamo City","Otero","19",76,0,0,0,0,0,0,15,0,11,0,0,0,50,0,0,0
"2025","Mayor ALAMO CITY DISTRICT- ALL","City","Alamo City","Otero","20",75,0,0,0,0,0,0,16,0,10,0,0,6,43,0,0,0
"2025","Mayor ALAMO CITY DISTRICT- ALL","City","Alamo City","Otero","21",236,0,0,0,0,0,0,98,0,30,0,0,9,92,7,0,0
"2025","Mayor ALAMO CITY DISTRICT- ALL","City","Alamo City","Otero","22",85,0,0,0,0,0,0,20,0,16,0,0,0,49,0,0,0
"2025","Mayor ALAMO CITY DISTRICT- ALL","City","Alamo City","Otero","23",119,0,0,0,0,0,0,27,0,28,0,0,0,57,7,0,0
"2025","Mayor ALAMO CITY DISTRICT- ALL","City","Alamo City","Otero","24",187,0,0,0,0,0,0,78,0,22,0,0,8,65,14,0,0
"2025","Mayor ALAMO CITY DISTRICT- ALL","City","Alamo City","Otero","25",220,0,0,0,0,0,0,92,0,29,0,0,7,81,11,0,0
"2025","Mayor ALAMO CITY DISTRICT- ALL","City","Alamo City","Otero","26",118,0,0,0,0,0,0,30,0,12,0,0,10,58,8,0,0
"2025","Mayor ALAMO CITY DISTRICT- ALL","City","Alamo City","Otero","27",189,0,0,0,0,0,0,72,0,31,0,0,10,70,6,0,0
"2025","Mayor ALAMO CITY DISTRICT- ALL","City","Alamo City","Otero","28",38,0,0,0,0,0,0,20,0,0,0,0,0,18,0,0,0
"2025","Mayor ALAMO CITY DISTRICT- ALL","City","Alamo City","Otero","29",135,0,0,0,0,0,0,53,0,16,0,0,0,57,9,0,0
"2025","Mayor ALAMO CITY DISTRICT- ALL","City","Alamo City","Otero","30",105,0,0,0,0,0,0,41,0,18,0,0,0,39,7,0,0
"2025","Mayor ALAMO CITY DISTRICT- ALL","City","Alamo City","Otero","31",107,0,0,0,0,0,0,26,0,16,0,0,7,52,6,0,0
"2025","Mayor ALAMO CITY DISTRICT- ALL","City","Alamo City","Otero","32",100,0,0,0,0,0,0,24,0,18,0,0,0,58,0,0,0
"2025","Mayor ALAMO CITY DISTRICT- ALL","City","Alamo City","Otero","33",138,0,0,0,0,0,0,42,0,23,0,0,6,60,7,0,0
"2025","Mayor ALAMO CITY DISTRICT- ALL","City","Alamo City","Otero","34",23,0,0,0,0,0,0,9,0,0,0,0,0,14,0,0,0
"2025","Mayor ALAMO CITY DISTRICT- ALL","City","Alamo City","Otero","36",296,0,0,0,0,0,0,87,0,53,0,0,14,132,10,0,0
"2025","Mayor ALAMO CITY DISTRICT- ALL","City","Alamo City","Otero","37",128,0,0,0,0,0,0,46,0,21,0,0,6,55,0,0,0
"2025","Mayor ALAMO CITY DISTRICT- ALL","City","Alamo City","Otero","39",177,0,0,0,0,0,0,57,0,35,0,0,12,67,6,0,0
"2025","Mayor ALAMO CITY DISTRICT- ALL","City","Alamo City","Otero","40",168,0,0,0,0,0,0,82,0,28,0,0,0,52,6,0,0
"2025","Mayor ALAMO CITY DISTRICT- ALL","City","Alamo City","Otero","47",95,0,0,0,0,0,0,25,0,13,0,0,0,46,11,0,0
"2025","Mayor ALAMO CITY DISTRICT- ALL","City","Alamo City","Otero","48",144,0,0,0,0,0,0,43,0,32,0,0,9,51,9,0,0
"2025","Mayor ALAMO CITY DISTRICT- ALL","City","Alamo City","Otero","49",274,0,0,0,0,0,0,152,0,34,0,0,11,63,14,0,0
"2025","Mayor ALAMO CITY DISTRICT- ALL","City","Alamo City","Otero","50",80,0,0,0,0,0,0,17,0,23,0,0,6,34,0,0,0
"2025","Mayor ALAMO CITY DISTRICT- ALL","City","Alamo City","Otero","51",196,0,0,0,0,0,0,63,0,32,0,0,13,78,10,0,0
"2025","Mayor ALAMO CITY DISTRICT- ALL","City","Alamo City","Otero","52",97,0,0,0,0,0,0,49,0,16,0,0,0,32,0,0,0
"2025","Mayor ALAMO CITY DISTRICT- ALL","City","Alamo City","Otero","61",108,0,0,0,0,0,0,54,0,12,0,0,0,34,8,0,0
"2025","Mayor ALAMO CITY DISTRICT- ALL","City","Alamo City","Otero","62",105,0,0,0,0,0,0,51,0,17,0,0,0,37,0,0,0
"2025","Mayor ALAMO CITY DISTRICT- ALL","City","Alamo City","Otero","63",0,0,0,0,0,0,0,0,0,0,0,0,0,0,0,0,0
"2025","Mayor ALAMO CITY DISTRICT- ALL","City","Alamo City","Otero","64",70,0,0,0,0,0,0,18,0,13,0,0,0,39,0,0,0
"2025","Mayor ALAMO CITY DISTRICT- ALL","City","Alamo City","Otero","65",157,0,0,0,0,0,0,67,0,21,0,0,9,52,8,0,0
"2025","Mayor CITY OF ALBUQUERQUE","City","Albuquerque","Bernalillo","001",184,27,0,0,60,6,0,0,0,0,14,11,0,0,0,66,0
"2025","Mayor CITY OF ALBUQUERQUE","City","Albuquerque","Bernalillo","002",384,58,0,0,145,0,0,0,0,0,16,26,0,0,0,139,0
"2025","Mayor CITY OF ALBUQUERQUE","City","Albuquerque","Bernalillo","003",32,0,0,0,20,0,0,0,0,0,0,0,0,0,0,12,0
"2025","Mayor CITY OF ALBUQUERQUE","City","Albuquerque","Bernalillo","004",0,0,0,0,0,0,0,0,0,0,0,0,0,0,0,0,0
"2025","Mayor CITY OF ALBUQUERQUE","City","Albuquerque","Bernalillo","010",222,37,0,0,78,0,0,0,0,0,21,9,0,0,0,77,0
"2025","Mayor CITY OF ALBUQUERQUE","City","Albuquerque","Bernalillo","011",236,48,0,0,49,0,0,0,0,0,10,9,0,0,0,120,0
"2025","Mayor CITY OF ALBUQUERQUE","City","Albuquerque","Bernalillo","012",142,33,0,0,37,0,0,0,0,0,11,11,0,0,0,50,0
"2025","Mayor CITY OF ALBUQUERQUE","City","Albuquerque","Bernalillo","013",118,29,0,0,43,0,0,0,0,0,0,0,0,0,0,46,0
"2025","Mayor CITY OF ALBUQUERQUE","City","Albuquerque","Bernalillo","014",170,56,0,0,46,0,0,0,0,0,0,9,0,0,0,59,0
"2025","Mayor CITY OF ALBUQUERQUE","City","Albuquerque","Bernalillo","015",0,0,0,0,0,0,0,0,0,0,0,0,0,0,0,0,0
"2025","Mayor CITY OF ALBUQUERQUE","City","Albuquerque","Bernalillo","016",0,0,0,0,0,0,0,0,0,0,0,0,0,0,0,0,0
"2025","Mayor CITY OF ALBUQUERQUE","City","Albuquerque","Bernalillo","018",0,0,0,0,0,0,0,0,0,0,0,0,0,0,0,0,0
"2025","Mayor CITY OF ALBUQUERQUE","City","Albuquerque","Bernalillo","019",121,15,0,0,59,0,0,0,0,0,7,0,0,0,0,40,0
"2025","Mayor CITY OF ALBUQUERQUE","City","Albuquerque","Bernalillo","020",329,46,0,0,119,11,0,0,0,0,26,16,0,0,0,111,0
"2025","Mayor CITY OF ALBUQUERQUE","City","Albuquerque","Bernalillo","021",196,31,0,0,75,0,0,0,0,0,22,12,0,0,0,56,0
"2025","Mayor CITY OF ALBUQUERQUE","City","Albuquerque","Bernalillo","022",186,17,0,0,88,0,0,0,0,0,15,12,0,0,0,54,0
"2025","Mayor CITY OF ALBUQUERQUE","City","Albuquerque","Bernalillo","023",228,33,0,0,65,0,0,0,0,0,33,11,0,0,0,86,0
"2025","Mayor CITY OF ALBUQUERQUE","City","Albuquerque","Bernalillo","024",280,44,0,0,82,0,0,0,0,0,31,14,0,0,0,109,0
"2025","Mayor CITY OF ALBUQUERQUE","City","Albuquerque","Bernalillo","025",294,44,0,0,97,8,0,0,0,0,50,18,0,0,0,77,0
"2025","Mayor CITY OF ALBUQUERQUE","City","Albuquerque","Bernalillo","026",269,50,0,0,74,0,0,0,0,0,30,16,0,0,0,99,0
"2025","Mayor CITY OF ALBUQUERQUE","City","Albuquerque","Bernalillo","027",267,53,0,0,76,8,0,0,0,0,22,19,0,0,0,89,0
"2025","Mayor CITY OF ALBUQUERQUE","City","Albuquerque","Bernalillo","028",209,38,0,0,62,0,0,0,0,0,19,19,0,0,0,71,0
"2025","Mayor CITY OF ALBUQUERQUE","City","Albuquerque","Bernalillo","029",266,35,0,7,72,10,0,0,0,0,34,15,0,0,0,93,0
"2025","Mayor CITY OF ALBUQUERQUE","City","Albuquerque","Bernalillo","030",395,62,0,0,90,0,0,0,0,0,24,29,0,0,0,190,0
"2025","Mayor CITY OF ALBUQUERQUE","City","Albuquerque","Bernalillo","032",123,16,0,0,31,6,0,0,0,0,13,0,0,0,0,57,0
"2025","Mayor CITY OF ALBUQUERQUE","City","Albuquerque","Bernalillo","033",129,16,0,0,26,6,0,0,0,0,24,10,0,0,0,47,0
"2025","Mayor CITY OF ALBUQUERQUE","City","Albuquerque","Bernalillo","034",125,18,0,0,35,0,0,0,0,0,26,9,0,0,0,37,0
"2025","Mayor CITY OF ALBUQUERQUE","City","Albuquerque","Bernalillo","035",175,38,0,6,42,0,0,0,0,0,23,15,0,0,0,51,0
"2025","Mayor CITY OF ALBUQUERQUE","City","Albuquerque","Bernalillo","036",270,63,0,0,68,0,0,0,0,0,27,10,0,0,0,102,0
"2025","Mayor CITY OF ALBUQUERQUE","City","Albuquerque","Bernalillo","037",184,40,0,0,36,0,0,0,0,0,17,9,0,0,0,82,0
"2025","Mayor CITY OF ALBUQUERQUE","City","Albuquerque","Bernalillo","038",166,29,0,0,40,0,0,0,0,0,25,0,0,0,0,72,0
"2025","Mayor CITY OF ALBUQUERQUE","City","Albuquerque","Bernalillo","039",177,39,0,0,59,0,0,0,0,0,14,7,0,0,0,58,0
"2025","Mayor CITY OF ALBUQUERQUE","City","Albuquerque","Bernalillo","040",231,44,0,10,74,0,0,0,0,0,25,12,0,0,0,66,0
"2025","Mayor CITY OF ALBUQUERQUE","City","Albuquerque","Bernalillo","041",170,30,0,0,49,0,0,0,0,0,29,8,0,0,0,54,0
"2025","Mayor CITY OF ALBUQUERQUE","City","Albuquerque","Bernalillo","042",223,39,0,8,64,0,0,0,0,0,25,23,0,0,0,64,0
"2025","Mayor CITY OF ALBUQUERQUE","City","Albuquerque","Bernalillo","043",165,38,0,0,35,0,0,0,0,0,20,9,0,0,0,63,0
"2025","Mayor CITY OF ALBUQUERQUE","City","Albuquerque","Bernalillo","044",36,14,0,0,11,0,0,0,0,0,0,0,0,0,0,11,0
"2025","Mayor CITY OF ALBUQUERQUE","City","Albuquerque","Bernalillo","045",0,0,0,0,0,0,0,0,0,0,0,0,0,0,0,0,0
"2025","Mayor CITY OF ALBUQUERQUE","City","Albuquerque","Bernalillo","046",71,23,0,0,18,0,0,0,0,0,0,0,0,0,0,30,0
"2025","Mayor CITY OF ALBUQUERQUE","City","Albuquerque","Bernalillo","047",91,16,0,0,23,0,0,0,0,0,0,7,0,0,0,45,0
"2025","Mayor CITY OF ALBUQUERQUE","City","Albuquerque","Bernalillo","048",101,7,0,0,21,0,0,0,0,0,19,9,0,0,0,45,0
"2025","Mayor CITY OF ALBUQUERQUE","City","Albuquerque","Bernalillo","049",0,0,0,0,0,0,0,0,0,0,0,0,0,0,0,0,0
"2025","Mayor CITY OF ALBUQUERQUE","City","Albuquerque","Bernalillo","050",201,42,0,0,56,0,0,0,0,0,21,11,0,0,0,71,0
"2025","Mayor CITY OF ALBUQUERQUE","City","Albuquerque","Bernalillo","051",215,31,0,7,45,0,0,0,0,0,29,15,0,0,0,88,0
"2025","Mayor CITY OF ALBUQUERQUE","City","Albuquerque","Bernalillo","052",224,38,0,6,64,7,0,0,0,0,34,19,0,0,0,56,0
"2025","Mayor CITY OF ALBUQUERQUE","City","Albuquerque","Bernalillo","053",203,27,0,8,52,9,0,0,0,0,29,9,0,0,0,69,0
"2025","Mayor CITY OF ALBUQUERQUE","City","Albuquerque","Bernalillo","054",293,65,0,0,83,10,0,0,0,0,21,23,0,0,0,91,0
"2025","Mayor CITY OF ALBUQUERQUE","City","Albuquerque","Bernalillo","055",131,37,0,0,44,0,0,0,0,0,15,0,0,0,0,35,0
"2025","Mayor CITY OF ALBUQUERQUE","City","Albuquerque","Bernalillo","056",136,16,0,0,51,0,0,0,0,0,15,9,0,0,0,45,0
"2025","Mayor CITY OF ALBUQUERQUE","City","Albuquerque","Bernalillo","057",704,117,0,0,156,0,0,0,0,0,57,29,0,0,0,345,0
"2025","Mayor CITY OF ALBUQUERQUE","City","Albuquerque","Bernalillo","058",0,0,0,0,0,0,0,0,0,0,0,0,0,0,0,0,0
"2025","Mayor CITY OF ALBUQUERQUE","City","Albuquerque","Bernalillo","059",153,29,0,0,47,0,0,0,0,0,21,7,0,0,0,49,0
"2025","Mayor CITY OF ALBUQUERQUE","City","Albuquerque","Bernalillo","060",191,21,0,6,68,0,0,0,0,0,26,11,0,0,0,59,0
"2025","Mayor CITY OF ALBUQUERQUE","City","Albuquerque","Bernalillo","061",11,0,0,0,0,0,0,0,0,0,0,0,0,0,0,11,0
"2025","Mayor CITY OF ALBUQUERQUE","City","Albuquerque","Bernalillo","062",63,16,0,0,14,0,0,0,0,0,0,0,0,0,0,33,0
"2025","Mayor CITY OF ALBUQUERQUE","City","Albuquerque","Bernalillo","063",0,0,0,0,0,0,0,0,0,0,0,0,0,0,0,0,0
"2025","Mayor CITY OF ALBUQUERQUE","City","Albuquerque","Bernalillo","065",7,0,0,0,0,0,0,0,0,0,0,0,0,0,0,7,0
"2025","Mayor CITY OF ALBUQUERQUE","City","Albuquerque","Bernalillo","067",0,0,0,0,0,0,0,0,0,0,0,0,0,0,0,0,0
"2025","Mayor CITY OF ALBUQUERQUE","City","Albuquerque","Bernalillo","068",131,12,0,0,60,0,0,0,0,0,12,8,0,0,0,39,0
"2025","Mayor CITY OF ALBUQUERQUE","City","Albuquerque","Bernalillo","069",255,48,0,0,72,6,0,0,0,0,19,17,0,0,0,93,0
"2025","Mayor CITY OF ALBUQUERQUE","City","Albuquerque","Bernalillo","070",258,29,0,0,93,9,0,0,0,0,27,18,0,0,0,82,0
"2025","Mayor CITY OF ALBUQUERQUE","City","Albuquerque","Bernalillo","072",0,0,0,0,0,0,0,0,0,0,0,0,0,0,0,0,0
"2025","Mayor CITY OF ALBUQUERQUE","City","Albuquerque","Bernalillo","073",0,0,0,0,0,0,0,0,0,0,0,0,0,0,0,0,0
"2025","Mayor CITY OF ALBUQUERQUE","City","Albuquerque","Bernalillo","076",0,0,0,0,0,0,0,0,0,0,0,0,0,0,0,0,0
"2025","Mayor CITY OF ALBUQUERQUE","City","Albuquerque","Bernalillo","078",205,41,0,0,88,0,0,0,0,0,16,0,0,0,0,60,0
"2025","Mayor CITY OF ALBUQUERQUE","City","Albuquerque","Bernalillo","079",145,25,0,0,56,0,0,0,0,0,14,0,0,0,0,50,0
"2025","Mayor CITY OF ALBUQUERQUE","City","Albuquerque","Bernalillo","080",209,21,0,0,86,0,0,0,0,0,26,8,0,0,0,68,0
"2025","Mayor CITY OF ALBUQUERQUE","City","Albuquerque","Bernalillo","081",370,50,0,0,152,0,0,0,0,0,39,12,0,0,0,117,0
"2025","Mayor CITY OF ALBUQUERQUE","City","Albuquerque","Bernalillo","082",353,39,0,0,143,6,0,0,0,0,34,14,0,0,0,117,0
"2025","Mayor CITY OF ALBUQUERQUE","City","Albuquerque","Bernalillo","083",252,60,0,0,78,0,0,0,0,0,12,14,0,0,0,88,0
"2025","Mayor CITY OF ALBUQUERQUE","City","Albuquerque","Bernalillo","084",228,34,0,0,95,0,0,0,0,0,19,15,0,0,0,65,0
"2025","Mayor CITY OF ALBUQUERQUE","City","Albuquerque","Bernalillo","085",255,35,0,0,118,8,0,0,0,0,15,13,0,0,0,66,0
"2025","Mayor CITY OF ALBUQUERQUE","City","Albuquerque","Bernalillo","086",0,0,0,0,0,0,0,0,0,0,0,0,0,0,0,0,0
"2025","Mayor CITY OF ALBUQUERQUE","City","Albuquerque","Bernalillo","087",197,28,0,0,75,0,0,0,0,0,16,17,0,0,0,61,0
"2025","Mayor CITY OF ALBUQUERQUE","City","Albuquerque","Bernalillo","089",211,33,0,0,76,8,0,0,0,0,8,14,0,0,0,72,0
"2025","Mayor CITY OF ALBUQUERQUE","City","Albuquerque","Bernalillo","090",25,7,0,0,10,0,0,0,0,0,0,0,0,0,0,8,0
"2025","Mayor CITY OF ALBUQUERQUE","City","Albuquerque","Bernalillo","091",0,0,0,0,0,0,0,0,0,0,0,0,0,0,0,0,0
"2025","Mayor CITY OF ALBUQUERQUE","City","Albuquerque","Bernalillo","094",48,8,0,0,16,0,0,0,0,0,0,0,0,0,0,24,0
"2025","Mayor CITY OF ALBUQUERQUE","City","Albuquerque","Bernalillo","095",71,10,0,0,23,0,0,0,0,0,6,10,0,0,0,22,0
"2025","Mayor CITY OF ALBUQUERQUE","City","Albuquerque","Bernalillo","096",0,0,0,0,0,0,0,0,0,0,0,0,0,0,0,0,0
"2025","Mayor CITY OF ALBUQUERQUE","City","Albuquerque","Bernalillo","100",183,30,0,0,60,0,0,0,0,0,23,15,0,0,0,55,0
"2025","Mayor CITY OF ALBUQUERQUE","City","Albuquerque","Bernalillo","101",182,79,0,0,16,0,0,0,0,0,7,8,0,0,0,72,0
"2025","Mayor CITY OF ALBUQUERQUE","City","Albuquerque","Bernalillo","102",155,62,0,0,17,0,0,0,0,0,10,10,0,0,0,56,0
"2025","Mayor CITY OF ALBUQUERQUE","City","Albuquerque","Bernalillo","103",62,10,0,0,15,0,0,0,0,0,0,0,0,0,0,37,0
"2025","Mayor CITY OF ALBUQUERQUE","City","Albuquerque","Bernalillo","104",49,13,0,0,12,0,0,0,0,0,0,0,0,0,0,24,0
"2025","Mayor CITY OF ALBUQUERQUE","City","Albuquerque","Bernalillo","105",84,18,0,0,23,0,0,0,0,0,0,6,0,0,0,37,0
"2025","Mayor CITY OF ALBUQUERQUE","City","Albuquerque","Bernalillo","106",71,13,0,0,26,0,0,0,0,0,6,9,0,0,0,17,0
"2025","Mayor CITY OF ALBUQUERQUE","City","Albuquerque","Bernalillo","107",249,99,0,0,27,0,0,0,0,0,0,14,0,0,0,109,0
"2025","Mayor CITY OF ALBUQUERQUE","City","Albuquerque","Bernalillo","110",354,71,0,7,115,0,0,0,0,0,38,13,0,0,0,110,0
"2025","Mayor CITY OF ALBUQUERQUE","City","Albuquerque","Bernalillo","111",175,18,0,0,65,0,0,0,0,0,19,15,0,0,0,58,0
"2025","Mayor CITY OF ALBUQUERQUE","City","Albuquerque","Bernalillo","112",282,38,0,7,111,6,0,0,0,0,20,15,0,0,0,85,0
"2025","Mayor CITY OF ALBUQUERQUE","City","Albuquerque","Bernalillo","113",392,50,0,0,147,10,0,0,0,0,52,23,0,0,0,110,0
"2025","Mayor CITY OF ALBUQUERQUE","City","Albuquerque","Bernalillo","114",373,39,0,0,169,7,0,0,0,0,30,37,0,0,0,91,0
"2025","Mayor CITY OF ALBUQUERQUE","City","Albuquerque","Bernalillo","115",273,44,0,0,116,0,0,0,0,0,14,15,0,0,0,84,0
"2025","Mayor CITY OF ALBUQUERQUE","City","Albuquerque","Bernalillo","116",351,44,0,0,136,13,0,0,0,0,29,20,0,0,0,109,0
"2025","Mayor CITY OF ALBUQUERQUE","City","Albuquerque","Bernalillo","117",318,47,0,7,130,10,0,0,0,0,18,19,0,0,0,87,0
"2025","Mayor CITY OF ALBUQUERQUE","City","Albuquerque","Bernalillo","118",432,69,0,0,163,12,0,0,0,0,35,32,0,0,0,121,0
"2025","Mayor CITY OF ALBUQUERQUE","City","Albuquerque","Bernalillo","119",175,23,0,0,60,7,0,0,0,0,13,12,0,0,0,60,0
"2025","Mayor CITY OF ALBUQUERQUE","City","Albuquerque","Bernalillo","120",276,55,0,0,86,8,0,0,0,0,34,14,0,0,0,79,0
"2025","Mayor CITY OF ALBUQUERQUE","City","Albuquerque","Bernalillo","121",331,81,0,0,49,0,0,0,0,0,15,14,0,0,0,172,0
"2025","Mayor CITY OF ALBUQUERQUE","City","Albuquerque","Bernalillo","122",186,89,0,0,11,0,0,0,0,0,0,7,0,0,0,79,0
"2025","Mayor CITY OF ALBUQUERQUE","City","Albuquerque","Bernalillo","123",348,114,0,0,23,0,0,0,0,0,15,14,0,0,0,182,0
"2025","Mayor CITY OF ALBUQUERQUE","City","Albuquerque","Bernalillo","124",205,73,0,0,20,0,0,0,0,0,6,12,0,0,0,94,0
"2025","Mayor CITY OF ALBUQUERQUE","City","Albuquerque","Bernalillo","125",273,125,0,0,16,0,0,0,0,0,6,14,0,0,0,112,0
"2025","Mayor CITY OF ALBUQUERQUE","City","Albuquerque","Bernalillo","126",182,54,0,0,45,0,0,0,0,0,16,0,0,0,0,67,0
"2025","Mayor CITY OF ALBUQUERQUE","City","Albuquerque","Bernalillo","127",115,22,0,0,26,0,0,0,0,0,8,8,0,0,0,51,0
"2025","Mayor CITY OF ALBUQUERQUE","City","Albuquerque","Bernalillo","128",43,7,0,0,15,0,0,0,0,0,0,0,0,0,0,21,0
"2025","Mayor CITY OF ALBUQUERQUE","City","Albuquerque","Bernalillo","129",297,38,0,11,126,0,0,0,0,0,13,19,0,0,0,90,0
"2025","Mayor CITY OF ALBUQUERQUE","City","Albuquerque","Bernalillo","130",271,52,0,0,92,8,0,0,0,0,28,18,0,0,0,73,0
"2025","Mayor CITY OF ALBUQUERQUE","City","Albuquerque","Bernalillo","131",159,75,0,0,21,0,0,0,0,0,0,0,0,0,0,63,0
"2025","Mayor CITY OF ALBUQUERQUE","City","Albuquerque","Bernalillo","132",220,94,0,0,35,0,0,0,0,0,9,11,0,0,0,71,0
"2025","Mayor CITY OF ALBUQUERQUE","City","Albuquerque","Bernalillo","133",144,51,0,0,21,0,0,0,0,0,13,7,0,0,0,52,0
"2025","Mayor CITY OF ALBUQUERQUE","City","Albuquerque","Bernalillo","134",314,54,0,0,97,8,0,0,0,0,40,21,0,0,0,94,0
"2025","Mayor CITY OF ALBUQUERQUE","City","Albuquerque","Bernalillo","135",233,81,0,0,35,0,0,0,0,0,11,22,0,0,0,84,0
"2025","Mayor CITY OF ALBUQUERQUE","City","Albuquerque","Bernalillo","136",118,25,0,0,21,6,0,0,0,0,15,9,0,0,0,42,0
"2025","Mayor CITY OF ALBUQUERQUE","City","Albuquerque","Bernalillo","137",205,35,0,0,72,7,0,0,0,0,27,13,0,0,0,51,0
"2025","Mayor CITY OF ALBUQUERQUE","City","Albuquerque","Bernalillo","138",132,20,0,0,39,7,0,0,0,0,21,11,0,0,0,34,0
"2025","Mayor CITY OF ALBUQUERQUE","City","Albuquerque","Bernalillo","140",109,18,0,0,36,0,0,0,0,0,21,8,0,0,0,26,0
"2025","Mayor CITY OF ALBUQUERQUE","City","Albuquerque","Bernalillo","141",146,17,0,0,51,0,0,0,0,0,19,11,0,0,0,48,0
"2025","Mayor CITY OF ALBUQUERQUE","City","Albuquerque","Bernalillo","142",204,25,0,6,67,0,0,0,0,0,17,22,0,0,0,67,0
"2025","Mayor CITY OF ALBUQUERQUE","City","Albuquerque","Bernalillo","143",0,0,0,0,0,0,0,0,0,0,0,0,0,0,0,0,0
"2025","Mayor CITY OF ALBUQUERQUE","City","Albuquerque","Bernalillo","144",34,7,0,0,8,0,0,0,0,0,6,0,0,0,0,13,0
"2025","Mayor CITY OF ALBUQUERQUE","City","Albuquerque","Bernalillo","145",180,35,0,0,52,0,0,0,0,0,24,7,0,0,0,62,0
"2025","Mayor CITY OF ALBUQUERQUE","City","Albuquerque","Bernalillo","146",228,46,0,7,69,0,0,0,0,0,13,12,0,0,0,81,0
"2025","Mayor CITY OF ALBUQUERQUE","City","Albuquerque","Bernalillo","147",27,11,0,0,7,0,0,0,0,0,0,0,0,0,0,9,0
"2025","Mayor CITY OF ALBUQUERQUE","City","Albuquerque","Bernalillo","148",188,27,0,0,51,6,0,0,0,0,32,11,0,0,0,61,0
"2025","Mayor CITY OF ALBUQUERQUE","City","Albuquerque","Bernalillo","149",159,33,0,0,46,0,0,0,0,0,12,7,0,0,0,61,0
"2025","Mayor CITY OF ALBUQUERQUE","City","Albuquerque","Bernalillo","150",254,52,0,0,51,0,0,0,0,0,7,0,0,0,0,144,0
"2025","Mayor CITY OF ALBUQUERQUE","City","Albuquerque","Bernalillo","151",268,63,0,0,44,7,0,0,0,0,16,11,0,0,0,127,0
"2025","Mayor CITY OF ALBUQUERQUE","City","Albuquerque","Bernalillo","152",357,95,0,0,69,0,0,0,0,0,14,9,0,0,0,170,0
"2025","Mayor CITY OF ALBUQUERQUE","City","Albuquerque","Bernalillo","153",299,90,0,0,64,0,0,0,0,0,24,15,0,0,0,106,0
"2025","Mayor CITY OF ALBUQUERQUE","City","Albuquerque","Bernalillo","154",239,64,0,0,51,0,0,0,0,0,19,10,0,0,0,95,0
"2025","Mayor CITY OF ALBUQUERQUE","City","Albuquerque","Bernalillo","155",367,96,0,0,75,7,0,0,0,0,24,16,0,0,0,149,0
"2025","Mayor CITY OF ALBUQUERQUE","City","Albuquerque","Bernalillo","156",236,40,0,0,79,0,0,0,0,0,38,13,0,0,0,66,0
"2025","Mayor CITY OF ALBUQUERQUE","City","Albuquerque","Bernalillo","157",272,49,0,0,65,6,0,0,0,0,44,15,0,0,0,93,0
"2025","Mayor CITY OF ALBUQUERQUE","City","Albuquerque","Bernalillo","158",327,63,0,0,114,10,0,0,0,0,32,15,0,0,0,93,0
"2025","Mayor CITY OF ALBUQUERQUE","City","Albuquerque","Bernalillo","159",251,36,0,0,64,0,0,0,0,0,51,19,0,0,0,81,0
"2025","Mayor CITY OF ALBUQUERQUE","City","Albuquerque","Bernalillo","160",420,47,0,0,113,12,0,0,0,0,64,12,0,0,0,172,0
"2025","Mayor CITY OF ALBUQUERQUE","City","Albuquerque","Bernalillo","161",133,38,0,0,26,0,0,0,0,0,7,11,0,0,0,51,0
"2025","Mayor CITY OF ALBUQUERQUE","City","Albuquerque","Bernalillo","162",292,79,0,0,52,6,0,0,0,0,11,11,0,0,0,133,0
"2025","Mayor CITY OF ALBUQUERQUE","City","Albuquerque","Bernalillo","163",206,66,0,0,31,0,0,0,0,0,7,10,0,0,0,92,0
"2025","Mayor CITY OF ALBUQUERQUE","City","Albuquerque","Bernalillo","164",249,106,0,0,35,0,0,0,0,0,16,10,0,0,0,82,0
"2025","Mayor CITY OF ALBUQUERQUE","City","Albuquerque","Bernalillo","165",218,112,0,0,20,0,0,0,0,0,15,0,0,0,0,71,0
"2025","Mayor CITY OF ALBUQUERQUE","City","Albuquerque","Bernalillo","166",197,69,0,0,16,0,0,0,0,0,0,7,0,0,0,105,0
"2025","Mayor CITY OF ALBUQUERQUE","City","Albuquerque","Bernalillo","167",283,44,0,0,103,0,0,0,0,0,26,17,0,0,0,93,0
"2025","Mayor CITY OF ALBUQUERQUE","City","Albuquerque","Bernalillo","168",266,55,0,0,82,0,0,0,0,0,34,20,0,0,0,75,0
"2025","Mayor CITY OF ALBUQUERQUE","City","Albuquerque","Bernalillo","169",269,46,0,0,107,0,0,0,0,0,18,15,0,0,0,83,0
"2025","Mayor CITY OF ALBUQUERQUE","City","Albuquerque","Bernalillo","170",209,35,0,0,82,6,0,0,0,0,8,21,0,0,0,57,0
"2025","Mayor CITY OF ALBUQUERQUE","City","Albuquerque","Bernalillo","171",156,20,0,0,58,0,0,0,0,0,0,9,0,0,0,69,0
"2025","Mayor CITY OF ALBUQUERQUE","City","Albuquerque","Bernalillo","172",207,35,0,0,91,0,0,0,0,0,13,13,0,0,0,55,0
"2025","Mayor CITY OF ALBUQUERQUE","City","Albuquerque","Bernalillo","173",216,40,0,0,71,0,0,0,0,0,12,16,0,0,0,77,0
"2025","Mayor CITY OF ALBUQUERQUE","City","Albuquerque","Bernalillo","174",322,52,0,0,135,0,0,0,0,0,25,15,0,0,0,95,0
"2025","Mayor CITY OF ALBUQUERQUE","City","Albuquerque","Bernalillo","175",298,36,0,6,103,7,0,0,0,0,17,13,0,0,0,116,0
"2025","Mayor CITY OF ALBUQUERQUE","City","Albuquerque","Bernalillo","176",198,32,0,0,73,0,0,0,0,0,11,11,0,0,0,71,0
"2025","Mayor CITY OF ALBUQUERQUE","City","Albuquerque","Bernalillo","177",0,0,0,0,0,0,0,0,0,0,0,0,0,0,0,0,0
"2025","Mayor CITY OF ALBUQUERQUE","City","Albuquerque","Bernalillo","178",287,33,0,0,83,6,0,0,0,0,24,20,0,0,0,121,0
"2025","Mayor CITY OF ALBUQUERQUE","City","Albuquerque","Bernalillo","179",155,21,0,0,70,0,0,0,0,0,11,9,0,0,0,44,0
"2025","Mayor CITY OF ALBUQUERQUE","City","Albuquerque","Bernalillo","180",131,22,0,0,28,0,0,0,0,0,0,9,0,0,0,72,0
"2025","Mayor CITY OF ALBUQUERQUE","City","Albuquerque","Bernalillo","181",148,44,0,0,23,0,0,0,0,0,0,7,0,0,0,74,0
"2025","Mayor CITY OF ALBUQUERQUE","City","Albuquerque","Bernalillo","182",251,58,0,0,73,0,0,0,0,0,13,26,0,0,0,81,0
"2025","Mayor CITY OF ALBUQUERQUE","City","Albuquerque","Bernalillo","183",337,90,0,0,49,0,0,0,0,0,29,13,0,0,0,156,0
"2025","Mayor CITY OF ALBUQUERQUE","City","Albuquerque","Bernalillo","184",421,68,0,0,88,7,0,0,0,0,17,13,0,0,0,228,0
"2025","Mayor CITY OF ALBUQUERQUE","City","Albuquerque","Bernalillo","185",463,109,0,0,87,0,0,0,0,0,23,17,0,0,0,227,0
"2025","Mayor CITY OF ALBUQUERQUE","City","Albuquerque","Bernalillo","186",265,58,0,0,52,6,0,0,0,0,26,7,0,0,0,116,0
"2025","Mayor CITY OF ALBUQUERQUE","City","Albuquerque","Bernalillo","187",335,72,0,0,70,6,0,0,0,0,14,14,0,0,0,159,0
"2025","Mayor CITY OF ALBUQUERQUE","City","Albuquerque","Bernalillo","188",164,53,0,0,24,7,0,0,0,0,0,11,0,0,0,69,0
"2025","Mayor CITY OF ALBUQUERQUE","City","Albuquerque","Bernalillo","189",211,30,0,0,60,0,0,0,0,0,20,20,0,0,0,81,0
"2025","Mayor CITY OF ALBUQUERQUE","City","Albuquerque","Bernalillo","190",153,31,0,0,38,0,0,0,0,0,26,7,0,0,0,51,0
"2025","Mayor CITY OF ALBUQUERQUE","City","Albuquerque","Bernalillo","191",210,34,0,0,52,0,0,0,0,0,17,23,0,0,0,84,0
"2025","Mayor CITY OF ALBUQUERQUE","City","Albuquerque","Bernalillo","192",239,68,0,0,38,8,0,0,0,0,13,15,0,0,0,97,0
"2025","Mayor CITY OF ALBUQUERQUE","City","Albuquerque","Bernalillo","193",169,34,0,0,44,0,0,0,0,0,15,13,0,0,0,63,0
"2025","Mayor CITY OF ALBUQUERQUE","City","Albuquerque","Bernalillo","194",384,102,0,0,93,9,0,0,0,0,17,16,0,0,0,147,0
"2025","Mayor CITY OF ALBUQUERQUE","City","Albuquerque","Bernalillo","195",164,37,0,0,31,0,0,0,0,0,7,9,0,0,0,80,0
"2025","Mayor CITY OF ALBUQUERQUE","City","Albuquerque","Bernalillo","196",102,19,0,0,42,0,0,0,0,0,12,0,0,0,0,29,0
"2025","Mayor CITY OF ALBUQUERQUE","City","Albuquerque","Bernalillo","197",233,65,0,0,49,0,0,0,0,0,8,10,0,0,0,101,0
"2025","Mayor CITY OF ALBUQUERQUE","City","Albuquerque","Bernalillo","198",144,25,0,0,46,0,0,0,0,0,24,8,0,0,0,41,0
"2025","Mayor CITY OF ALBUQUERQUE","City","Albuquerque","Bernalillo","199",190,41,0,0,46,0,0,0,0,0,30,10,0,0,0,63,0
"2025","Mayor CITY OF ALBUQUERQUE","City","Albuquerque","Bernalillo","200",145,16,0,0,59,0,0,0,0,0,12,6,0,0,0,52,0
"2025","Mayor CITY OF ALBUQUERQUE","City","Albuquerque","Bernalillo","202",264,25,0,0,109,0,0,0,0,0,23,21,0,0,0,86,0
"2025","Mayor CITY OF ALBUQUERQUE","City","Albuquerque","Bernalillo","203",232,25,0,0,91,7,0,0,0,0,8,10,0,0,0,91,0
"2025","Mayor CITY OF ALBUQUERQUE","City","Albuquerque","Bernalillo","204",342,49,0,0,118,10,0,0,0,0,28,28,0,0,0,109,0
"2025","Mayor CITY OF ALBUQUERQUE","City","Albuquerque","Bernalillo","205",564,75,0,6,232,7,0,0,0,0,43,43,0,0,0,158,0
"2025","Mayor CITY OF ALBUQUERQUE","City","Albuquerque","Bernalillo","206",403,65,0,6,148,0,0,0,0,0,53,23,0,0,0,108,0
"2025","Mayor CITY OF ALBUQUERQUE","City","Albuquerque","Bernalillo","207",286,50,0,0,98,6,0,0,0,0,33,12,0,0,0,87,0
"2025","Mayor CITY OF ALBUQUERQUE","City","Albuquerque","Bernalillo","208",213,29,0,0,73,7,0,0,0,0,20,0,0,0,0,84,0
"2025","Mayor CITY OF ALBUQUERQUE","City","Albuquerque","Bernalillo","209",341,43,0,0,107,8,0,0,0,0,32,22,0,0,0,129,0
"2025","Mayor CITY OF ALBUQUERQUE","City","Albuquerque","Bernalillo","210",314,43,0,0,93,6,0,0,0,0,29,16,0,0,0,127,0
"2025","Mayor CITY OF ALBUQUERQUE","City","Albuquerque","Bernalillo","211",75,12,0,0,21,0,0,0,0,0,6,0,0,0,0,36,0
"2025","Mayor CITY OF ALBUQUERQUE","City","Albuquerque","Bernalillo","212",177,51,0,0,38,0,0,0,0,0,16,9,0,0,0,63,0
"2025","Mayor CITY OF ALBUQUERQUE","City","Albuquerque","Bernalillo","213",324,86,0,0,70,0,0,0,0,0,13,18,0,0,0,137,0
"2025","Mayor CITY OF ALBUQUERQUE","City","Albuquerque","Bernalillo","214",211,68,0,0,23,0,0,0,0,0,6,20,0,0,0,94,0
"2025","Mayor CITY OF ALBUQUERQUE","City","Albuquerque","Bernalillo","215",117,43,0,0,8,0,0,0,0,0,0,9,0,0,0,57,0
"2025","Mayor CITY OF ALBUQUERQUE","City","Albuquerque","Bernalillo","216",188,41,0,0,28,0,0,0,0,0,0,13,0,0,0,106,0
"2025","Mayor CITY OF ALBUQUERQUE","City","Albuquerque","Bernalillo","217",270,40,0,0,109,6,0,0,0,0,16,20,0,0,0,79,0
"2025","Mayor CITY OF ALBUQUERQUE","City","Albuquerque","Bernalillo","218",355,54,0,7,137,6,0,0,0,0,28,14,0,0,0,109,0
"2025","Mayor CITY OF ALBUQUERQUE","City","Albuquerque","Bernalillo","221",338,128,0,0,42,0,0,0,0,0,12,16,0,0,0,140,0
"2025","Mayor CITY OF ALBUQUERQUE","City","Albuquerque","Bernalillo","222",312,39,0,0,110,7,0,0,0,0,26,12,0,0,0,118,0
"2025","Mayor CITY OF ALBUQUERQUE","City","Albuquerque","Bernalillo","223",93,39,0,0,8,0,0,0,0,0,0,10,0,0,0,36,0
"2025","Mayor CITY OF ALBUQUERQUE","City","Albuquerque","Bernalillo","224",104,43,0,0,21,0,0,0,0,0,0,7,0,0,0,33,0
"2025","Mayor CITY OF ALBUQUERQUE","City","Albuquerque","Bernalillo","225",56,25,0,0,6,0,0,0,0,0,6,0,0,0,0,19,0
"2025","Mayor CITY OF ALBUQUERQUE","City","Albuquerque","Bernalillo","226",102,44,0,0,9,0,0,0,0,0,7,0,0,0,0,42,0
"2025","Mayor CITY OF ALBUQUERQUE","City","Albuquerque","Bernalillo","227",260,26,0,0,125,6,0,0,0,0,23,15,0,0,0,65,0
"2025","Mayor CITY OF ALBUQUERQUE","City","Albuquerque","Bernalillo","228",284,39,0,0,110,10,0,0,0,0,25,16,0,0,0,84,0
"2025","Mayor CITY OF ALBUQUERQUE","City","Albuquerque","Bernalillo","229",318,31,0,0,151,9,0,0,0,0,22,17,0,0,0,88,0
"2025","Mayor CITY OF ALBUQUERQUE","City","Albuquerque","Bernalillo","231",272,52,0,0,88,7,0,0,0,0,19,18,0,0,0,88,0
"2025","Mayor CITY OF ALBUQUERQUE","City","Albuquerque","Bernalillo","232",101,18,0,0,24,0,0,0,0,0,7,0,0,0,0,52,0
"2025","Mayor CITY OF ALBUQUERQUE","City","Albuquerque","Bernalillo","233",64,7,0,0,20,0,0,0,0,0,6,11,0,0,0,20,0
"2025","Mayor CITY OF ALBUQUERQUE","City","Albuquerque","Bernalillo","234",116,30,0,0,25,0,0,0,0,0,13,8,0,0,0,40,0
"2025","Mayor CITY OF ALBUQUERQUE","City","Albuquerque","Bernalillo","235",163,57,0,0,24,0,0,0,0,0,7,16,0,0,0,59,0
"2025","Mayor CITY OF ALBUQUERQUE","City","Albuquerque","Bernalillo","236",48,19,0,0,11,0,0,0,0,0,6,0,0,0,0,12,0
"2025","Mayor CITY OF ALBUQUERQUE","City","Albuquerque","Bernalillo","237",175,18,0,0,51,0,0,0,0,0,28,16,0,0,0,62,0
"2025","Mayor CITY OF ALBUQUERQUE","City","Albuquerque","Bernalillo","238",113,17,0,0,43,0,0,0,0,0,6,8,0,0,0,39,0
"2025","Mayor CITY OF ALBUQUERQUE","City","Albuquerque","Bernalillo","239",167,35,0,7,41,0,0,0,0,0,21,20,0,0,0,43,0
"2025","Mayor CITY OF ALBUQUERQUE","City","Albuquerque","Bernalillo","240",0,0,0,0,0,0,0,0,0,0,0,0,0,0,0,0,0
"2025","Mayor CITY OF ALBUQUERQUE","City","Albuquerque","Bernalillo","241",131,52,0,0,17,0,0,0,0,0,0,7,0,0,0,55,0
"2025","Mayor CITY OF ALBUQUERQUE","City","Albuquerque","Bernalillo","242",160,74,0,0,9,0,0,0,0,0,0,11,0,0,0,66,0
"2025","Mayor CITY OF ALBUQUERQUE","City","Albuquerque","Bernalillo","243",210,102,0,0,13,0,0,0,0,0,0,13,0,0,0,82,0
"2025","Mayor CITY OF ALBUQUERQUE","City","Albuquerque","Bernalillo","244",390,143,0,0,47,0,0,0,0,0,7,15,0,0,0,178,0
"2025","Mayor CITY OF ALBUQUERQUE","City","Albuquerque","Bernalillo","245",210,86,0,0,22,0,0,0,0,0,0,8,0,0,0,94,0
"2025","Mayor CITY OF ALBUQUERQUE","City","Albuquerque","Bernalillo","246",114,28,0,0,16,0,0,0,0,0,8,11,0,0,0,51,0
"2025","Mayor CITY OF ALBUQUERQUE","City","Albuquerque","Bernalillo","247",182,37,0,0,55,0,0,0,0,0,8,11,0,0,0,71,0
"2025","Mayor CITY OF ALBUQUERQUE","City","Albuquerque","Bernalillo","248",73,18,0,0,23,0,0,0,0,0,0,8,0,0,0,24,0
"2025","Mayor CITY OF ALBUQUERQUE","City","Albuquerque","Bernalillo","249",293,41,0,0,106,11,0,0,0,0,23,19,0,0,0,93,0
"2025","Mayor CITY OF ALBUQUERQUE","City","Albuquerque","Bernalillo","251",242,87,0,0,34,0,0,0,0,0,0,0,0,0,0,121,0
"2025","Mayor CITY OF ALBUQUERQUE","City","Albuquerque","Bernalillo","252",324,95,0,0,36,0,0,0,0,0,12,13,0,0,0,168,0
"2025","Mayor CITY OF ALBUQUERQUE","City","Albuquerque","Bernalillo","253",437,141,0,0,46,0,0,0,0,0,10,16,0,0,0,224,0
"2025","Mayor CITY OF ALBUQUERQUE","City","Albuquerque","Bernalillo","254",381,140,0,0,52,0,0,0,0,0,15,15,0,0,0,159,0
"2025","Mayor CITY OF ALBUQUERQUE","City","Albuquerque","Bernalillo","255",315,125,0,0,44,7,0,0,0,0,0,25,0,0,0,114,0
"2025","Mayor CITY OF ALBUQUERQUE","City","Albuquerque","Bernalillo","256",304,107,0,0,30,0,0,0,0,0,0,14,0,0,0,153,0
"2025","Mayor CITY OF ALBUQUERQUE","City","Albuquerque","Bernalillo","257",172,33,0,0,52,0,0,0,0,0,11,0,0,0,0,76,0
"2025","Mayor CITY OF ALBUQUERQUE","City","Albuquerque","Bernalillo","258",0,0,0,0,0,0,0,0,0,0,0,0,0,0,0,0,0
"2025","Mayor CITY OF ALBUQUERQUE","City","Albuquerque","Bernalillo","261",170,16,0,0,62,6,0,0,0,0,10,12,0,0,0,64,0
"2025","Mayor CITY OF ALBUQUERQUE","City","Albuquerque","Bernalillo","263",256,54,0,0,68,0,0,0,0,0,29,22,0,0,0,83,0
"2025","Mayor CITY OF ALBUQUERQUE","City","Albuquerque","Bernalillo","264",303,55,0,0,116,7,0,0,0,0,14,15,0,0,0,96,0
"2025","Mayor CITY OF ALBUQUERQUE","City","Albuquerque","Bernalillo","265",174,34,0,0,39,0,0,0,0,0,29,10,0,0,0,62,0
"2025","Mayor CITY OF ALBUQUERQUE","City","Albuquerque","Bernalillo","266",142,31,0,0,22,6,0,0,0,0,11,0,0,0,0,72,0
"2025","Mayor CITY OF ALBUQUERQUE","City","Albuquerque","Bernalillo","267",161,28,0,0,44,7,0,0,0,0,19,14,0,0,0,49,0
"2025","Mayor CITY OF ALBUQUERQUE","City","Albuquerque","Bernalillo","268",88,20,0,0,26,0,0,0,0,0,8,7,0,0,0,27,0
"2025","Mayor CITY OF ALBUQUERQUE","City","Albuquerque","Bernalillo","269",92,19,0,0,25,0,0,0,0,0,13,7,0,0,0,28,0
"2025","Mayor CITY OF ALBUQUERQUE","City","Albuquerque","Bernalillo","271",361,120,0,0,65,0,0,0,0,0,11,17,0,0,0,148,0
"2025","Mayor CITY OF ALBUQUERQUE","City","Albuquerque","Bernalillo","272",307,105,0,0,30,0,0,0,0,0,0,17,0,0,0,155,0
"2025","Mayor CITY OF ALBUQUERQUE","City","Albuquerque","Bernalillo","273",406,132,0,0,69,0,0,0,0,0,11,24,0,0,0,170,0
"2025","Mayor CITY OF ALBUQUERQUE","City","Albuquerque","Bernalillo","274",238,71,0,0,31,0,0,0,0,0,0,13,0,0,0,123,0
"2025","Mayor CITY OF ALBUQUERQUE","City","Albuquerque","Bernalillo","275",74,15,0,0,26,0,0,0,0,0,0,0,0,0,0,33,0
"2025","Mayor CITY OF ALBUQUERQUE","City","Albuquerque","Bernalillo","276",274,51,0,0,57,0,0,0,0,0,15,8,0,0,0,143,0
"2025","Mayor CITY OF ALBUQUERQUE","City","Albuquerque","Bernalillo","277",373,98,0,0,86,0,0,0,0,0,17,16,0,0,0,156,0
"2025","Mayor CITY OF ALBUQUERQUE","City","Albuquerque","Bernalillo","278",200,46,0,0,69,0,0,0,0,0,12,20,0,0,0,53,0
"2025","Mayor CITY OF ALBUQUERQUE","City","Albuquerque","Bernalillo","279",192,39,0,0,45,0,0,0,0,0,10,10,0,0,0,88,0
"2025","Mayor CITY OF ALBUQUERQUE","City","Albuquerque","Bernalillo","280",125,20,0,0,23,0,0,0,0,0,6,16,0,0,0,60,0
"2025","Mayor CITY OF ALBUQUERQUE","City","Albuquerque","Bernalillo","281",167,50,0,0,32,6,0,0,0,0,6,16,0,0,0,57,0
"2025","Mayor CITY OF ALBUQUERQUE","City","Albuquerque","Bernalillo","282",254,54,0,6,42,6,0,0,0,0,12,24,0,0,0,110,0
"2025","Mayor CITY OF ALBUQUERQUE","City","Albuquerque","Bernalillo","283",114,29,0,0,33,0,0,0,0,0,7,15,0,0,0,30,0
"2025","Mayor CITY OF ALBUQUERQUE","City","Albuquerque","Bernalillo","284",209,46,0,0,63,0,0,0,0,0,10,18,0,0,0,72,0
"2025","Mayor CITY OF ALBUQUERQUE","City","Albuquerque","Bernalillo","285",165,52,0,0,42,0,0,0,0,0,10,7,0,0,0,54,0
"2025","Mayor CITY OF ALBUQUERQUE","City","Albuquerque","Bernalillo","286",44,6,0,0,19,0,0,0,0,0,0,0,0,0,0,19,0
"2025","Mayor CITY OF ALBUQUERQUE","City","Albuquerque","Bernalillo","287",150,43,0,0,37,0,0,0,0,0,8,11,0,0,0,51,0
"2025","Mayor CITY OF ALBUQUERQUE","City","Albuquerque","Bernalillo","289",363,82,0,0,119,0,0,0,0,0,15,28,0,0,0,119,0
"2025","Mayor CITY OF ALBUQUERQUE","City","Albuquerque","Bernalillo","290",201,16,0,0,92,0,0,0,0,0,11,8,0,0,0,74,0
"2025","Mayor CITY OF ALBUQUERQUE","City","Albuquerque","Bernalillo","291",267,45,0,0,111,7,0,0,0,0,21,13,0,0,0,70,0
"2025","Mayor CITY OF ALBUQUERQUE","City","Albuquerque","Bernalillo","292",208,29,0,0,71,0,0,0,0,0,24,10,0,0,0,74,0
"2025","Mayor CITY OF ALBUQUERQUE","City","Albuquerque","Bernalillo","293",165,22,0,0,47,7,0,0,0,0,16,17,0,0,0,56,0
"2025","Mayor CITY OF ALBUQUERQUE","City","Albuquerque","Bernalillo","294",465,49,0,0,216,8,0,0,0,0,21,25,0,0,0,146,0
"2025","Mayor CITY OF ALBUQUERQUE","City","Albuquerque","Bernalillo","295",362,59,0,0,150,7,0,0,0,0,16,12,0,0,0,118,0
"2025","Mayor CITY OF ALBUQUERQUE","City","Albuquerque","Bernalillo","296",191,34,0,0,69,6,0,0,0,0,10,11,0,0,0,61,0
"2025","Mayor CITY OF ALBUQUERQUE","City","Albuquerque","Bernalillo","297",192,29,0,0,80,0,0,0,0,0,12,9,0,0,0,62,0
"2025","Mayor CITY OF ALBUQUERQUE","City","Albuquerque","Bernalillo","298",211,41,0,0,78,0,0,0,0,0,9,17,0,0,0,66,0
"2025","Mayor CITY OF ALBUQUERQUE","City","Albuquerque","Bernalillo","299",156,35,0,0,44,0,0,0,0,0,6,10,0,0,0,61,0
"2025","Mayor CITY OF ALBUQUERQUE","City","Albuquerque","Bernalillo","300",184,38,0,0,73,0,0,0,0,0,12,8,0,0,0,53,0
"2025","Mayor CITY OF ALBUQUERQUE","City","Albuquerque","Bernalillo","301",310,48,0,0,119,0,0,0,0,0,6,16,0,0,0,121,0
"2025","Mayor CITY OF ALBUQUERQUE","City","Albuquerque","Bernalillo","302",353,51,0,0,128,8,0,0,0,0,9,23,0,0,0,134,0
"2025","Mayor CITY OF ALBUQUERQUE","City","Albuquerque","Bernalillo","304",261,41,0,0,91,0,0,0,0,0,13,9,0,0,0,107,0
"2025","Mayor CITY OF ALBUQUERQUE","City","Albuquerque","Bernalillo","305",278,53,0,0,62,0,0,0,0,0,16,20,0,0,0,127,0
"2025","Mayor CITY OF ALBUQUERQUE","City","Albuquerque","Bernalillo","306",195,40,0,0,68,0,0,0,0,0,6,14,0,0,0,67,0
"2025","Mayor CITY OF ALBUQUERQUE","City","Albuquerque","Bernalillo","307",352,49,0,0,125,0,0,0,0,0,22,15,0,0,0,141,0
"2025","Mayor CITY OF ALBUQUERQUE","City","Albuquerque","Bernalillo","308",279,40,0,0,117,8,0,0,0,0,7,17,0,0,0,90,0
"2025","Mayor CITY OF ALBUQUERQUE","City","Albuquerque","Bernalillo","309",288,37,0,0,146,0,0,0,0,0,16,16,0,0,0,73,0
"2025","Mayor CITY OF ALBUQUERQUE","City","Albuquerque","Bernalillo","310",348,52,0,0,121,6,0,0,0,0,21,21,0,0,0,127,0
"2025","Mayor CITY OF ALBUQUERQUE","City","Albuquerque","Bernalillo","311",228,77,0,0,29,0,0,0,0,0,8,10,0,0,0,104,0
"2025","Mayor CITY OF ALBUQUERQUE","City","Albuquerque","Bernalillo","312",269,84,0,0,42,0,0,0,0,0,10,19,0,0,0,114,0
"2025","Mayor CITY OF ALBUQUERQUE","City","Albuquerque","Bernalillo","313",148,50,0,0,26,0,0,0,0,0,0,0,0,0,0,72,0
"2025","Mayor CITY OF ALBUQUERQUE","City","Albuquerque","Bernalillo","314",318,80,0,0,86,0,0,0,0,0,14,17,0,0,0,121,0
"2025","Mayor CITY OF ALBUQUERQUE","City","Albuquerque","Bernalillo","315",254,63,0,0,68,0,0,0,0,0,12,21,0,0,0,90,0
"2025","Mayor CITY OF ALBUQUERQUE","City","Albuquerque","Bernalillo","316",254,54,0,0,79,0,0,0,0,0,15,19,0,0,0,87,0
"2025","Mayor CITY OF ALBUQUERQUE","City","Albuquerque","Bernalillo","317",212,38,0,0,52,6,0,0,0,0,11,18,0,0,0,87,0
"2025","Mayor CITY OF ALBUQUERQUE","City","Albuquerque","Bernalillo","318",70,11,0,0,29,0,0,0,0,0,6,0,0,0,0,24,0
"2025","Mayor CITY OF ALBUQUERQUE","City","Albuquerque","Bernalillo","319",292,57,0,0,114,0,0,0,0,0,14,18,0,0,0,89,0
"2025","Mayor CITY OF ALBUQUERQUE","City","Albuquerque","Bernalillo","320",346,53,0,0,163,0,0,0,0,0,28,16,0,0,0,86,0
"2025","Mayor CITY OF ALBUQUERQUE","City","Albuquerque","Bernalillo","321",147,41,0,8,30,0,0,0,0,0,0,11,0,0,0,57,0
"2025","Mayor CITY OF ALBUQUERQUE","City","Albuquerque","Bernalillo","322",111,25,0,0,25,0,0,0,0,0,0,11,0,0,0,50,0
"2025","Mayor CITY OF ALBUQUERQUE","City","Albuquerque","Bernalillo","323",166,34,0,0,57,0,0,0,0,0,6,14,0,0,0,55,0
"2025","Mayor CITY OF ALBUQUERQUE","City","Albuquerque","Bernalillo","324",279,28,0,9,85,6,0,0,0,0,10,21,0,0,0,120,0
"2025","Mayor CITY OF ALBUQUERQUE","City","Albuquerque","Bernalillo","325",478,65,0,0,179,12,0,0,0,0,31,25,0,0,0,166,0
"2025","Mayor CITY OF ALBUQUERQUE","City","Albuquerque","Bernalillo","326",166,33,0,0,48,8,0,0,0,0,7,20,0,0,0,50,0
"2025","Mayor CITY OF ALBUQUERQUE","City","Albuquerque","Bernalillo","327",60,17,0,0,19,0,0,0,0,0,0,6,0,0,0,18,0
"2025","Mayor CITY OF ALBUQUERQUE","City","Albuquerque","Bernalillo","328",287,58,0,6,88,10,0,0,0,0,14,25,0,0,0,86,0
"2025","Mayor CITY OF ALBUQUERQUE","City","Albuquerque","Bernalillo","329",204,30,0,0,83,6,0,0,0,0,0,12,0,0,0,73,0
"2025","Mayor CITY OF ALBUQUERQUE","City","Albuquerque","Bernalillo","330",112,20,0,0,29,0,0,0,0,0,0,10,0,0,0,53,0
"2025","Mayor CITY OF ALBUQUERQUE","City","Albuquerque","Bernalillo","331",107,12,0,0,29,0,0,0,0,0,13,7,0,0,0,46,0
"2025","Mayor CITY OF ALBUQUERQUE","City","Albuquerque","Bernalillo","332",283,37,0,0,112,10,0,0,0,0,22,14,0,0,0,88,0
"2025","Mayor CITY OF ALBUQUERQUE","City","Albuquerque","Bernalillo","333",324,46,0,0,113,0,0,0,0,0,11,26,0,0,0,128,0
"2025","Mayor CITY OF ALBUQUERQUE","City","Albuquerque","Bernalillo","334",322,32,0,0,158,6,0,0,0,0,18,12,0,0,0,96,0
"2025","Mayor CITY OF ALBUQUERQUE","City","Albuquerque","Bernalillo","335",176,35,0,0,48,6,0,0,0,0,8,16,0,0,0,63,0
"2025","Mayor CITY OF ALBUQUERQUE","City","Albuquerque","Bernalillo","336",70,13,0,0,21,0,0,0,0,0,10,9,0,0,0,17,0
"2025","Mayor CITY OF ALBUQUERQUE","City","Albuquerque","Bernalillo","337",93,18,0,0,38,0,0,0,0,0,6,10,0,0,0,21,0
"2025","Mayor CITY OF ALBUQUERQUE","City","Albuquerque","Bernalillo","338",325,95,0,0,57,0,0,0,0,0,13,14,0,0,0,146,0
"2025","Mayor CITY OF ALBUQUERQUE","City","Albuquerque","Bernalillo","339",261,25,0,0,115,0,0,0,0,0,24,8,0,0,0,89,0
"2025","Mayor CITY OF ALBUQUERQUE","City","Albuquerque","Bernalillo","341",258,79,0,0,34,0,0,0,0,0,8,12,0,0,0,125,0
"2025","Mayor CITY OF ALBUQUERQUE","City","Albuquerque","Bernalillo","342",152,57,0,0,9,0,0,0,0,0,0,9,0,0,0,77,0
"2025","Mayor CITY OF ALBUQUERQUE","City","Albuquerque","Bernalillo","343",339,127,0,0,38,0,0,0,0,0,0,16,0,0,0,158,0
"2025","Mayor CITY OF ALBUQUERQUE","City","Albuquerque","Bernalillo","344",455,157,0,0,66,0,0,0,0,0,10,27,0,0,0,195,0
"2025","Mayor CITY OF ALBUQUERQUE","City","Albuquerque","Bernalillo","345",47,15,0,0,10,0,0,0,0,0,0,6,0,0,0,16,0
"2025","Mayor CITY OF ALBUQUERQUE","City","Albuquerque","Bernalillo","346",146,28,0,7,39,8,0,0,0,0,0,12,0,0,0,52,0
"2025","Mayor CITY OF ALBUQUERQUE","City","Albuquerque","Bernalillo","347",194,31,0,7,51,6,0,0,0,0,17,18,0,0,0,64,0
"2025","Mayor CITY OF ALBUQUERQUE","City","Albuquerque","Bernalillo","348",289,39,0,0,112,0,0,0,0,0,18,13,0,0,0,107,0
"2025","Mayor CITY OF ALBUQUERQUE","City","Albuquerque","Bernalillo","349",371,53,0,0,141,8,0,0,0,0,20,19,0,0,0,130,0
"2025","Mayor CITY OF ALBUQUERQUE","City","Albuquerque","Bernalillo","350",306,36,0,0,148,0,0,0,0,0,17,16,0,0,0,89,0
"2025","Mayor CITY OF ALBUQUERQUE","City","Albuquerque","Bernalillo","351",209,65,0,0,18,0,0,0,0,0,6,8,0,0,0,112,0
"2025","Mayor CITY OF ALBUQUERQUE","City","Albuquerque","Bernalillo","352",275,90,0,0,25,0,0,0,0,0,9,12,0,0,0,139,0
"2025","Mayor CITY OF ALBUQUERQUE","City","Albuquerque","Bernalillo","353",183,68,0,0,7,0,0,0,0,0,0,8,0,0,0,100,0
"2025","Mayor CITY OF ALBUQUERQUE","City","Albuquerque","Bernalillo","354",291,76,0,0,31,0,0,0,0,0,6,12,0,0,0,166,0
"2025","Mayor CITY OF ALBUQUERQUE","City","Albuquerque","Bernalillo","355",329,118,0,0,19,0,0,0,0,0,6,18,0,0,0,168,0
"2025","Mayor CITY OF ALBUQUERQUE","City","Albuquerque","Bernalillo","356",306,103,0,0,15,0,0,0,0,0,6,24,0,0,0,158,0
"2025","Mayor CITY OF ALBUQUERQUE","City","Albuquerque","Bernalillo","357",151,43,0,0,15,0,0,0,0,0,6,10,0,0,0,77,0
"2025","Mayor CITY OF ALBUQUERQUE","City","Albuquerque","Bernalillo","358",79,51,0,0,0,0,0,0,0,0,0,11,0,0,0,17,0
"2025","Mayor CITY OF ALBUQUERQUE","City","Albuquerque","Bernalillo","359",218,37,0,0,72,0,0,0,0,0,10,14,0,0,0,85,0
"2025","Mayor CITY OF ALBUQUERQUE","City","Albuquerque","Bernalillo","360",251,29,0,0,109,0,0,0,0,0,19,10,0,0,0,84,0
"2025","Mayor CITY OF ALBUQUERQUE","City","Albuquerque","Bernalillo","361",334,20,0,0,167,6,0,0,0,0,30,20,0,0,0,91,0
"2025","Mayor CITY OF ALBUQUERQUE","City","Albuquerque","Bernalillo","362",252,31,0,0,88,0,0,0,0,0,13,9,0,0,0,111,0
"2025","Mayor CITY OF ALBUQUERQUE","City","Albuquerque","Bernalillo","364",224,23,0,0,84,6,0,0,0,0,14,15,0,0,0,82,0
"2025","Mayor CITY OF ALBUQUERQUE","City","Albuquerque","Bernalillo","365",302,45,0,0,136,0,0,0,0,0,20,17,0,0,0,84,0
"2025","Mayor CITY OF ALBUQUERQUE","City","Albuquerque","Bernalillo","366",141,31,0,0,42,0,0,0,0,0,7,13,0,0,0,48,0
"2025","Mayor CITY OF ALBUQUERQUE","City","Albuquerque","Bernalillo","367",70,9,0,0,24,0,0,0,0,0,7,9,0,0,0,21,0
"2025","Mayor CITY OF ALBUQUERQUE","City","Albuquerque","Bernalillo","368",167,18,0,0,92,0,0,0,0,0,14,11,0,0,0,32,0
"2025","Mayor CITY OF ALBUQUERQUE","City","Albuquerque","Bernalillo","369",226,40,0,0,99,0,0,0,0,0,19,11,0,0,0,57,0
"2025","Mayor CITY OF ALBUQUERQUE","City","Albuquerque","Bernalillo","370",90,20,0,0,24,0,0,0,0,0,0,8,0,0,0,38,0
"2025","Mayor CITY OF ALBUQUERQUE","City","Albuquerque","Bernalillo","371",441,100,0,0,81,0,0,0,0,0,9,24,0,0,0,227,0
"2025","Mayor CITY OF ALBUQUERQUE","City","Albuquerque","Bernalillo","372",182,48,0,0,32,0,0,0,0,0,8,14,0,0,0,80,0
"2025","Mayor CITY OF ALBUQUERQUE","City","Albuquerque","Bernalillo","373",190,42,0,0,39,10,0,0,0,0,11,17,0,0,0,71,0
"2025","Mayor CITY OF ALBUQUERQUE","City","Albuquerque","Bernalillo","374",253,74,0,0,42,0,0,0,0,0,0,0,0,0,0,137,0
"2025","Mayor CITY OF ALBUQUERQUE","City","Albuquerque","Bernalillo","375",0,0,0,0,0,0,0,0,0,0,0,0,0,0,0,0,0
"2025","Mayor CITY OF ALBUQUERQUE","City","Albuquerque","Bernalillo","376",249,56,0,0,58,7,0,0,0,0,10,15,0,0,0,103,0
"2025","Mayor CITY OF ALBUQUERQUE","City","Albuquerque","Bernalillo","377",420,124,0,0,78,6,0,0,0,0,11,15,0,0,0,186,0
"2025","Mayor CITY OF ALBUQUERQUE","City","Albuquerque","Bernalillo","378",46,13,0,0,9,0,0,0,0,0,0,0,0,0,0,24,0
"2025","Mayor CITY OF ALBUQUERQUE","City","Albuquerque","Bernalillo","379",16,7,0,0,0,0,0,0,0,0,0,0,0,0,0,9,0
"2025","Mayor CITY OF ALBUQUERQUE","City","Albuquerque","Bernalillo","380",162,20,0,0,61,0,0,0,0,0,18,8,0,0,0,55,0
"2025","Mayor CITY OF ALBUQUERQUE","City","Albuquerque","Bernalillo","381",252,105,0,0,15,0,0,0,0,0,6,12,0,0,0,114,0
"2025","Mayor CITY OF ALBUQUERQUE","City","Albuquerque","Bernalillo","382",272,120,0,0,24,0,0,0,0,0,7,7,0,0,0,114,0
"2025","Mayor CITY OF ALBUQUERQUE","City","Albuquerque","Bernalillo","383",250,126,0,0,22,0,0,0,0,0,0,13,0,0,0,89,0
"2025","Mayor CITY OF ALBUQUERQUE","City","Albuquerque","Bernalillo","384",309,77,0,0,57,0,0,0,0,0,13,23,0,0,0,139,0
"2025","Mayor CITY OF ALBUQUERQUE","City","Albuquerque","Bernalillo","385",305,97,0,0,55,0,0,0,0,0,8,11,0,0,0,134,0
"2025","Mayor CITY OF ALBUQUERQUE","City","Albuquerque","Bernalillo","386",210,77,0,0,21,0,0,0,0,0,0,6,0,0,0,106,0
"2025","Mayor CITY OF ALBUQUERQUE","City","Albuquerque","Bernalillo","387",291,91,0,0,40,0,0,0,0,0,8,17,0,0,0,135,0
"2025","Mayor CITY OF ALBUQUERQUE","City","Albuquerque","Bernalillo","388",307,29,0,0,142,0,0,0,0,0,23,20,0,0,0,93,0
"2025","Mayor CITY OF ALBUQUERQUE","City","Albuquerque","Bernalillo","389",158,32,0,0,44,6,0,0,0,0,0,12,0,0,0,64,0
"2025","Mayor CITY OF ALBUQUERQUE","City","Albuquerque","Bernalillo","390",325,42,0,0,132,0,0,0,0,0,14,16,0,0,0,121,0
"2025","Mayor CITY OF ALBUQUERQUE","City","Albuquerque","Bernalillo","393",200,30,0,0,79,0,0,0,0,0,10,0,0,0,0,81,0
"2025","Mayor CITY OF ALBUQUERQUE","City","Albuquerque","Bernalillo","394",296,55,0,6,99,0,0,0,0,0,37,10,0,0,0,89,0
"2025","Mayor CITY OF ALBUQUERQUE","City","Albuquerque","Bernalillo","395",244,44,0,0,93,0,0,0,0,0,11,14,0,0,0,82,0
"2025","Mayor CITY OF ALBUQUERQUE","City","Albuquerque","Bernalillo","396",311,36,0,0,79,0,0,0,0,0,14,12,0,0,0,170,0
"2025","Mayor CITY OF ALBUQUERQUE","City","Albuquerque","Bernalillo","397",231,23,0,0,108,0,0,0,0,0,12,6,0,0,0,82,0
"2025","Mayor CITY OF ALBUQUERQUE","City","Albuquerque","Bernalillo","398",241,38,0,0,90,0,0,0,0,0,19,17,0,0,0,77,0
"2025","Mayor CITY OF ALBUQUERQUE","City","Albuquerque","Bernalillo","399",272,37,0,0,89,0,0,0,0,0,30,13,0,0,0,103,0
"2025","Mayor CITY OF ALBUQUERQUE","City","Albuquerque","Bernalillo","400",164,42,0,0,50,0,0,0,0,0,0,7,0,0,0,65,0
"2025","Mayor CITY OF ALBUQUERQUE","City","Albuquerque","Bernalillo","401",247,55,0,0,58,6,0,0,0,0,6,23,0,0,0,99,0
"2025","Mayor CITY OF ALBUQUERQUE","City","Albuquerque","Bernalillo","402",380,65,0,0,120,9,0,0,0,0,26,17,0,0,0,143,0
"2025","Mayor CITY OF ALBUQUERQUE","City","Albuquerque","Bernalillo","403",200,42,0,0,34,6,0,0,0,0,12,15,0,0,0,91,0
"2025","Mayor CITY OF ALBUQUERQUE","City","Albuquerque","Bernalillo","404",345,62,0,0,112,10,0,0,0,0,13,21,0,0,0,127,0
"2025","Mayor CITY OF ALBUQUERQUE","City","Albuquerque","Bernalillo","405",242,43,0,0,67,8,0,0,0,0,8,11,0,0,0,105,0
"2025","Mayor CITY OF ALBUQUERQUE","City","Albuquerque","Bernalillo","406",129,29,0,0,35,0,0,0,0,0,8,6,0,0,0,51,0
"2025","Mayor CITY OF ALBUQUERQUE","City","Albuquerque","Bernalillo","407",219,35,0,0,70,0,0,0,0,0,18,13,0,0,0,83,0
"2025","Mayor CITY OF ALBUQUERQUE","City","Albuquerque","Bernalillo","408",344,50,0,0,134,7,0,0,0,0,16,7,0,0,0,130,0
"2025","Mayor CITY OF ALBUQUERQUE","City","Albuquerque","Bernalillo","409",118,38,0,0,30,7,0,0,0,0,0,6,0,0,0,37,0
"2025","Mayor CITY OF ALBUQUERQUE","City","Albuquerque","Bernalillo","410",261,24,0,0,86,0,0,0,0,0,26,8,0,0,0,117,0
"2025","Mayor CITY OF ALBUQUERQUE","City","Albuquerque","Bernalillo","411",94,16,0,0,20,0,0,0,0,0,6,6,0,0,0,46,0
"2025","Mayor CITY OF ALBUQUERQUE","City","Albuquerque","Bernalillo","412",301,79,0,0,54,0,0,0,0,0,9,30,0,0,0,129,0
"2025","Mayor CITY OF ALBUQUERQUE","City","Albuquerque","Bernalillo","413",195,45,0,0,45,0,0,0,0,0,13,12,0,0,0,80,0
"2025","Mayor CITY OF ALBUQUERQUE","City","Albuquerque","Bernalillo","414",159,30,0,0,50,0,0,0,0,0,11,21,0,0,0,47,0
"2025","Mayor CITY OF ALBUQUERQUE","City","Albuquerque","Bernalillo","415",182,29,0,0,68,0,0,0,0,0,7,23,0,0,0,55,0
"2025","Mayor CITY OF ALBUQUERQUE","City","Albuquerque","Bernalillo","416",243,55,0,0,55,0,0,0,0,0,7,24,0,0,0,102,0
"2025","Mayor CITY OF ALBUQUERQUE","City","Albuquerque","Bernalillo","417",257,51,0,6,58,7,0,0,0,0,17,12,0,0,0,106,0
"2025","Mayor CITY OF ALBUQUERQUE","City","Albuquerque","Bernalillo","418",302,50,0,0,92,0,0,0,0,0,22,25,0,0,0,113,0
"2025","Mayor CITY OF ALBUQUERQUE","City","Albuquerque","Bernalillo","419",230,25,0,0,100,10,0,0,0,0,12,8,0,0,0,75,0
"2025","Mayor CITY OF ALBUQUERQUE","City","Albuquerque","Bernalillo","420",268,35,0,0,88,0,0,0,0,0,22,33,0,0,0,90,0
"2025","Mayor CITY OF ALBUQUERQUE","City","Albuquerque","Bernalillo","421",347,55,0,0,108,0,0,0,0,0,34,22,0,0,0,128,0
"2025","Mayor CITY OF ALBUQUERQUE","City","Albuquerque","Bernalillo","422",280,44,0,0,108,10,0,0,0,0,15,17,0,0,0,86,0
"2025","Mayor CITY OF ALBUQUERQUE","City","Albuquerque","Bernalillo","423",277,47,0,7,95,0,0,0,0,0,12,22,0,0,0,94,0
"2025","Mayor CITY OF ALBUQUERQUE","City","Albuquerque","Bernalillo","424",218,33,0,0,74,0,0,0,0,0,16,19,0,0,0,76,0
"2025","Mayor CITY OF ALBUQUERQUE","City","Albuquerque","Bernalillo","425",266,33,0,0,102,0,0,0,0,0,25,13,0,0,0,93,0
"2025","Mayor CITY OF ALBUQUERQUE","City","Albuquerque","Bernalillo","426",285,36,0,0,99,0,0,0,0,0,28,17,0,0,0,105,0
"2025","Mayor CITY OF ALBUQUERQUE","City","Albuquerque","Bernalillo","427",293,32,0,0,147,0,0,0,0,0,19,15,0,0,0,80,0
"2025","Mayor CITY OF ALBUQUERQUE","City","Albuquerque","Bernalillo","428",395,53,0,0,131,0,0,0,0,0,16,15,0,0,0,180,0
"2025","Mayor CITY OF ALBUQUERQUE","City","Albuquerque","Bernalillo","429",257,40,0,0,107,0,0,0,0,0,14,11,0,0,0,85,0
"2025","Mayor CITY OF ALBUQUERQUE","City","Albuquerque","Bernalillo","430",369,51,0,0,151,0,0,0,0,0,20,17,0,0,0,130,0
"2025","Mayor CITY OF ALBUQUERQUE","City","Albuquerque","Bernalillo","431",197,47,0,0,62,0,0,0,0,0,6,10,0,0,0,72,0
"2025","Mayor CITY OF ALBUQUERQUE","City","Albuquerque","Bernalillo","432",299,89,0,6,59,0,0,0,0,0,12,17,0,0,0,116,0
"2025","Mayor CITY OF ALBUQUERQUE","City","Albuquerque","Bernalillo","433",164,29,0,0,52,8,0,0,0,0,7,7,0,0,0,61,0
"2025","Mayor CITY OF ALBUQUERQUE","City","Albuquerque","Bernalillo","434",139,29,0,0,42,0,0,0,0,0,14,9,0,0,0,45,0
"2025","Mayor CITY OF ALBUQUERQUE","City","Albuquerque","Bernalillo","435",257,51,0,0,82,0,0,0,0,0,16,17,0,0,0,91,0
"2025","Mayor CITY OF ALBUQUERQUE","City","Albuquerque","Bernalillo","436",205,35,0,0,53,7,0,0,0,0,16,15,0,0,0,79,0
"2025","Mayor CITY OF ALBUQUERQUE","City","Albuquerque","Bernalillo","437",133,33,0,0,31,0,0,0,0,0,0,10,0,0,0,59,0
"2025","Mayor CITY OF ALBUQUERQUE","City","Albuquerque","Bernalillo","438",31,7,0,0,6,0,0,0,0,0,0,0,0,0,0,18,0
"2025","Mayor CITY OF ALBUQUERQUE","City","Albuquerque","Bernalillo","439",206,42,0,0,53,8,0,0,0,0,21,14,0,0,0,68,0
"2025","Mayor CITY OF ALBUQUERQUE","City","Albuquerque","Bernalillo","440",156,19,0,0,55,0,0,0,0,0,10,11,0,0,0,61,0
"2025","Mayor CITY OF ALBUQUERQUE","City","Albuquerque","Bernalillo","441",221,31,0,0,67,9,0,0,0,0,13,12,0,0,0,89,0
"2025","Mayor CITY OF ALBUQUERQUE","City","Albuquerque","Bernalillo","442",208,49,0,0,61,0,0,0,0,0,16,13,0,0,0,69,0
"2025","Mayor CITY OF ALBUQUERQUE","City","Albuquerque","Bernalillo","443",199,43,0,0,66,7,0,0,0,0,7,8,0,0,0,68,0
"2025","Mayor CITY OF ALBUQUERQUE","City","Albuquerque","Bernalillo","444",175,30,0,0,63,0,0,0,0,0,12,8,0,0,0,62,0
"2025","Mayor CITY OF ALBUQUERQUE","City","Albuquerque","Bernalillo","445",238,40,0,0,83,0,0,0,0,0,12,12,0,0,0,91,0
"2025","Mayor CITY OF ALBUQUERQUE","City","Albuquerque","Bernalillo","446",256,36,0,0,81,0,0,0,0,0,15,16,0,0,0,108,0
"2025","Mayor CITY OF ALBUQUERQUE","City","Albuquerque","Bernalillo","448",137,24,0,0,51,0,0,0,0,0,6,11,0,0,0,45,0
"2025","Mayor CITY OF ALBUQUERQUE","City","Albuquerque","Bernalillo","449",86,19,0,0,26,0,0,0,0,0,7,0,0,0,0,34,0
"2025","Mayor CITY OF ALBUQUERQUE","City","Albuquerque","Bernalillo","450",280,32,0,0,117,0,0,0,0,0,19,22,0,0,0,90,0
"2025","Mayor CITY OF ALBUQUERQUE","City","Albuquerque","Bernalillo","451",206,35,0,0,62,0,0,0,0,0,9,17,0,0,0,83,0
"2025","Mayor CITY OF ALBUQUERQUE","City","Albuquerque","Bernalillo","452",261,42,0,0,83,0,0,0,0,0,17,12,0,0,0,107,0
"2025","Mayor CITY OF ALBUQUERQUE","City","Albuquerque","Bernalillo","453",256,52,0,0,75,0,0,0,0,0,11,16,0,0,0,102,0
"2025","Mayor CITY OF ALBUQUERQUE","City","Albuquerque","Bernalillo","454",221,38,0,0,77,7,0,0,0,0,11,10,0,0,0,78,0
"2025","Mayor CITY OF ALBUQUERQUE","City","Albuquerque","Bernalillo","455",213,43,0,0,57,0,0,0,0,0,16,12,0,0,0,85,0
"2025","Mayor CITY OF ALBUQUERQUE","City","Albuquerque","Bernalillo","456",260,40,0,0,103,0,0,0,0,0,13,15,0,0,0,89,0
"2025","Mayor CITY OF ALBUQUERQUE","City","Albuquerque","Bernalillo","457",361,55,0,0,137,0,0,0,0,0,24,29,0,0,0,116,0
"2025","Mayor CITY OF ALBUQUERQUE","City","Albuquerque","Bernalillo","458",197,20,0,0,99,0,0,0,0,0,17,13,0,0,0,48,0
"2025","Mayor CITY OF ALBUQUERQUE","City","Albuquerque","Bernalillo","459",279,23,0,7,105,0,0,0,0,0,15,18,0,0,0,111,0
"2025","Mayor CITY OF ALBUQUERQUE","City","Albuquerque","Bernalillo","460",292,56,0,0,99,0,0,0,0,0,35,12,0,0,0,90,0
"2025","Mayor CITY OF ALBUQUERQUE","City","Albuquerque","Bernalillo","461",225,36,0,0,66,0,0,0,0,0,16,25,0,0,0,82,0
"2025","Mayor CITY OF ALBUQUERQUE","City","Albuquerque","Bernalillo","462",177,37,0,0,65,0,0,0,0,0,6,12,0,0,0,57,0
"2025","Mayor CITY OF ALBUQUERQUE","City","Albuquerque","Bernalillo","463",248,48,0,0,90,8,0,0,0,0,9,14,0,0,0,79,0
"2025","Mayor CITY OF ALBUQUERQUE","City","Albuquerque","Bernalillo","464",193,25,0,0,59,6,0,0,0,0,13,8,0,0,0,82,0
"2025","Mayor CITY OF ALBUQUERQUE","City","Albuquerque","Bernalillo","465",102,23,0,0,24,0,0,0,0,0,0,9,0,0,0,46,0
"2025","Mayor CITY OF ALBUQUERQUE","City","Albuquerque","Bernalillo","466",309,40,0,0,118,0,0,0,0,0,26,14,0,0,0,111,0
"2025","Mayor CITY OF ALBUQUERQUE","City","Albuquerque","Bernalillo","467",215,44,0,0,88,0,0,0,0,0,9,22,0,0,0,52,0
"2025","Mayor CITY OF ALBUQUERQUE","City","Albuquerque","Bernalillo","468",423,65,0,0,151,9,0,0,0,0,28,35,0,0,0,135,0
"2025","Mayor CITY OF ALBUQUERQUE","City","Albuquerque","Bernalillo","470",335,41,0,0,131,6,0,0,0,0,17,13,0,0,0,127,0
"2025","Mayor CITY OF ALBUQUERQUE","City","Albuquerque","Bernalillo","471",249,39,0,0,87,6,0,0,0,0,19,16,0,0,0,82,0
"2025","Mayor CITY OF ALBUQUERQUE","City","Albuquerque","Bernalillo","472",197,40,0,0,79,0,0,0,0,0,8,11,0,0,0,59,0
"2025","Mayor CITY OF ALBUQUERQUE","City","Albuquerque","Bernalillo","473",189,44,0,0,65,0,0,0,0,0,13,16,0,0,0,51,0
"2025","Mayor CITY OF ALBUQUERQUE","City","Albuquerque","Bernalillo","474",170,36,0,0,54,0,0,0,0,0,12,9,0,0,0,59,0
"2025","Mayor CITY OF ALBUQUERQUE","City","Albuquerque","Bernalillo","475",245,50,0,0,72,0,0,0,0,0,12,19,0,0,0,92,0
"2025","Mayor CITY OF ALBUQUERQUE","City","Albuquerque","Bernalillo","476",333,54,0,0,111,10,0,0,0,0,20,23,0,0,0,115,0
"2025","Mayor CITY OF ALBUQUERQUE","City","Albuquerque","Bernalillo","477",134,33,0,0,33,0,0,0,0,0,7,10,0,0,0,51,0
"2025","Mayor CITY OF ALBUQUERQUE","City","Albuquerque","Bernalillo","478",258,59,0,0,95,0,0,0,0,0,19,16,0,0,0,69,0
"2025","Mayor CITY OF ALBUQUERQUE","City","Albuquerque","Bernalillo","479",201,20,0,0,105,0,0,0,0,0,13,8,0,0,0,55,0
"2025","Mayor CITY OF ALBUQUERQUE","City","Albuquerque","Bernalillo","480",305,55,0,0,118,8,0,0,0,0,11,17,0,0,0,96,0
"2025","Mayor CITY OF ALBUQUERQUE","City","Albuquerque","Bernalillo","481",128,23,0,0,30,0,0,0,0,0,6,11,0,0,0,58,0
"2025","Mayor CITY OF ALBUQUERQUE","City","Albuquerque","Bernalillo","482",409,48,0,0,178,8,0,0,0,0,28,18,0,0,0,129,0
"2025","Mayor CITY OF ALBUQUERQUE","City","Albuquerque","Bernalillo","483",284,41,0,0,108,7,0,0,0,0,23,21,0,0,0,84,0
"2025","Mayor CITY OF ALBUQUERQUE","City","Albuquerque","Bernalillo","484",284,52,0,0,93,0,0,0,0,0,15,14,0,0,0,110,0
"2025","Mayor CITY OF ALBUQUERQUE","City","Albuquerque","Bernalillo","485",381,61,0,0,161,7,0,0,0,0,19,19,0,0,0,114,0
"2025","Mayor CITY OF ALBUQUERQUE","City","Albuquerque","Bernalillo","486",221,41,0,0,83,0,0,0,0,0,15,9,0,0,0,73,0
"2025","Mayor CITY OF ALBUQUERQUE","City","Albuquerque","Bernalillo","487",352,45,0,0,141,0,0,0,0,0,26,10,0,0,0,130,0
"2025","Mayor CITY OF ALBUQUERQUE","City","Albuquerque","Bernalillo","488",407,54,0,0,159,0,0,0,0,0,20,20,0,0,0,154,0
"2025","Mayor CITY OF ALBUQUERQUE","City","Albuquerque","Bernalillo","489",245,43,0,0,95,0,0,0,0,0,15,10,0,0,0,82,0
"2025","Mayor CITY OF ALBUQUERQUE","City","Albuquerque","Bernalillo","490",336,39,0,0,181,0,0,0,0,0,16,18,0,0,0,82,0
"2025","Mayor CITY OF ALBUQUERQUE","City","Albuquerque","Bernalillo","491",198,34,0,0,71,0,0,0,0,0,16,11,0,0,0,66,0
"2025","Mayor CITY OF ALBUQUERQUE","City","Albuquerque","Bernalillo","492",207,42,0,0,63,0,0,0,0,0,9,15,0,0,0,78,0
"2025","Mayor CITY OF ALBUQUERQUE","City","Albuquerque","Bernalillo","493",266,48,0,0,96,0,0,0,0,0,14,14,0,0,0,94,0
"2025","Mayor CITY OF ALBUQUERQUE","City","Albuquerque","Bernalillo","494",273,48,0,0,84,6,0,0,0,0,15,11,0,0,0,109,0
"2025","Mayor CITY OF ALBUQUERQUE","City","Albuquerque","Bernalillo","495",301,43,0,0,100,7,0,0,0,0,23,17,0,0,0,111,0
"2025","Mayor CITY OF ALBUQUERQUE","City","Albuquerque","Bernalillo","496",260,38,0,0,93,0,0,0,0,0,19,19,0,0,0,91,0
"2025","Mayor CITY OF ALBUQUERQUE","City","Albuquerque","Bernalillo","497",352,65,0,0,125,0,0,0,0,0,22,14,0,0,0,126,0
"2025","Mayor CITY OF ALBUQUERQUE","City","Albuquerque","Bernalillo","498",329,50,0,0,103,0,0,0,0,0,25,13,0,0,0,138,0
"2025","Mayor CITY OF ALBUQUERQUE","City","Albuquerque","Bernalillo","499",299,53,0,0,109,6,0,0,0,0,24,10,0,0,0,97,0
"2025","Mayor CITY OF ALBUQUERQUE","City","Albuquerque","Bernalillo","500",419,42,0,0,161,9,0,0,0,0,26,25,0,0,0,156,0
"2025","Mayor CITY OF ALBUQUERQUE","City","Albuquerque","Bernalillo","502",322,60,0,8,117,0,0,0,0,0,17,16,0,0,0,104,0
"2025","Mayor CITY OF ALBUQUERQUE","City","Albuquerque","Bernalillo","503",189,36,0,0,57,0,0,0,0,0,16,8,0,0,0,72,0
"2025","Mayor CITY OF ALBUQUERQUE","City","Albuquerque","Bernalillo","504",205,42,0,0,65,0,0,0,0,0,12,13,0,0,0,73,0
"2025","Mayor CITY OF ALBUQUERQUE","City","Albuquerque","Bernalillo","505",220,37,0,0,90,0,0,0,0,0,13,18,0,0,0,62,0
"2025","Mayor CITY OF ALBUQUERQUE","City","Albuquerque","Bernalillo","506",223,29,0,0,83,0,0,0,0,0,10,14,0,0,0,87,0
"2025","Mayor CITY OF ALBUQUERQUE","City","Albuquerque","Bernalillo","507",229,33,0,0,83,6,0,0,0,0,10,13,0,0,0,84,0
"2025","Mayor CITY OF ALBUQUERQUE","City","Albuquerque","Bernalillo","508",203,50,0,0,67,0,0,0,0,0,8,10,0,0,0,68,0
"2025","Mayor CITY OF ALBUQUERQUE","City","Albuquerque","Bernalillo","509",175,20,0,0,64,0,0,0,0,0,13,7,0,0,0,71,0
"2025","Mayor CITY OF ALBUQUERQUE","City","Albuquerque","Bernalillo","510",188,28,0,0,74,0,0,0,0,0,13,18,0,0,0,55,0
"2025","Mayor CITY OF ALBUQUERQUE","City","Albuquerque","Bernalillo","511",353,47,0,0,140,6,0,0,0,0,24,26,0,0,0,110,0
"2025","Mayor CITY OF ALBUQUERQUE","City","Albuquerque","Bernalillo","512",188,31,0,0,62,10,0,0,0,0,10,11,0,0,0,64,0
"2025","Mayor CITY OF ALBUQUERQUE","City","Albuquerque","Bernalillo","513",177,27,0,0,67,11,0,0,0,0,8,8,0,0,0,56,0
"2025","Mayor CITY OF ALBUQUERQUE","City","Albuquerque","Bernalillo","514",359,61,0,0,140,8,0,0,0,0,33,21,0,0,0,96,0
"2025","Mayor CITY OF ALBUQUERQUE","City","Albuquerque","Bernalillo","515",260,33,0,0,111,0,0,0,0,0,11,20,0,0,0,85,0
"2025","Mayor CITY OF ALBUQUERQUE","City","Albuquerque","Bernalillo","516",253,35,0,0,97,0,0,0,0,0,18,14,0,0,0,89,0
"2025","Mayor CITY OF ALBUQUERQUE","City","Albuquerque","Bernalillo","517",305,37,0,0,147,11,0,0,0,0,15,22,0,0,0,73,0
"2025","Mayor CITY OF ALBUQUERQUE","City","Albuquerque","Bernalillo","518",226,50,0,0,87,0,0,0,0,0,13,9,0,0,0,67,0
"2025","Mayor CITY OF ALBUQUERQUE","City","Albuquerque","Bernalillo","519",186,32,0,0,74,0,0,0,0,0,8,9,0,0,0,63,0
"2025","Mayor CITY OF ALBUQUERQUE","City","Albuquerque","Bernalillo","520",232,24,0,0,104,6,0,0,0,0,9,8,0,0,0,81,0
"2025","Mayor CITY OF ALBUQUERQUE","City","Albuquerque","Bernalillo","521",375,52,0,0,160,8,0,0,0,0,17,18,0,0,0,120,0
"2025","Mayor CITY OF ALBUQUERQUE","City","Albuquerque","Bernalillo","522",240,35,0,0,94,0,0,0,0,0,19,12,0,0,0,80,0
"2025","Mayor CITY OF ALBUQUERQUE","City","Albuquerque","Bernalillo","523",318,35,0,0,125,12,0,0,0,0,22,12,0,0,0,112,0
"2025","Mayor CITY OF ALBUQUERQUE","City","Albuquerque","Bernalillo","524",167,20,0,0,78,7,0,0,0,0,8,6,0,0,0,48,0
"2025","Mayor CITY OF ALBUQUERQUE","City","Albuquerque","Bernalillo","525",317,46,0,0,112,8,0,0,0,0,20,17,0,0,0,114,0
"2025","Mayor CITY OF ALBUQUERQUE","City","Albuquerque","Bernalillo","526",451,85,0,0,168,10,0,0,0,0,21,16,0,0,0,151,0
"2025","Mayor CITY OF ALBUQUERQUE","City","Albuquerque","Bernalillo","527",148,19,0,0,60,0,0,0,0,0,6,7,0,0,0,56,0
"2025","Mayor CITY OF ALBUQUERQUE","City","Albuquerque","Bernalillo","528",155,21,0,0,67,0,0,0,0,0,13,11,0,0,0,43,0
"2025","Mayor CITY OF ALBUQUERQUE","City","Albuquerque","Bernalillo","529",188,31,0,0,65,0,0,0,0,0,11,14,0,0,0,67,0
"2025","Mayor CITY OF ALBUQUERQUE","City","Albuquerque","Bernalillo","530",310,33,0,0,97,0,0,0,0,0,10,10,0,0,0,160,0
"2025","Mayor CITY OF ALBUQUERQUE","City","Albuquerque","Bernalillo","531",219,52,0,0,63,0,0,0,0,0,13,9,0,0,0,82,0
"2025","Mayor CITY OF ALBUQUERQUE","City","Albuquerque","Bernalillo","532",259,36,0,0,98,0,0,0,0,0,9,12,0,0,0,104,0
"2025","Mayor CITY OF ALBUQUERQUE","City","Albuquerque","Bernalillo","533",202,52,0,0,59,0,0,0,0,0,11,18,0,0,0,62,0
"2025","Mayor CITY OF ALBUQUERQUE","City","Albuquerque","Bernalillo","534",351,68,0,0,121,0,0,0,0,0,16,28,0,0,0,118,0
"2025","Mayor CITY OF ALBUQUERQUE","City","Albuquerque","Bernalillo","535",230,35,0,0,85,8,0,0,0,0,10,12,0,0,0,80,0
"2025","Mayor CITY OF ALBUQUERQUE","City","Albuquerque","Bernalillo","536",175,19,0,0,58,0,0,0,0,0,6,14,0,0,0,78,0
"2025","Mayor CITY OF ALBUQUERQUE","City","Albuquerque","Bernalillo","537",0,0,0,0,0,0,0,0,0,0,0,0,0,0,0,0,0
"2025","Mayor CITY OF ALBUQUERQUE","City","Albuquerque","Bernalillo","538",192,31,0,0,52,0,0,0,0,0,0,12,0,0,0,97,0
"2025","Mayor CITY OF ALBUQUERQUE","City","Albuquerque","Bernalillo","540",208,36,0,0,70,10,0,0,0,0,14,16,0,0,0,62,0
"2025","Mayor CITY OF ALBUQUERQUE","City","Albuquerque","Bernalillo","542",274,34,0,6,92,9,0,0,0,0,18,24,0,0,0,91,0
"2025","Mayor CITY OF ALBUQUERQUE","City","Albuquerque","Bernalillo","543",194,42,0,0,63,0,0,0,0,0,8,15,0,0,0,66,0
"2025","Mayor CITY OF ALBUQUERQUE","City","Albuquerque","Bernalillo","544",306,52,0,7,93,10,0,0,0,0,27,22,0,0,0,95,0
"2025","Mayor CITY OF ALBUQUERQUE","City","Albuquerque","Bernalillo","545",289,39,0,0,100,9,0,0,0,0,12,13,0,0,0,116,0
"2025","Mayor CITY OF ALBUQUERQUE","City","Albuquerque","Bernalillo","546",362,51,0,0,146,7,0,0,0,0,22,14,0,0,0,122,0
"2025","Mayor CITY OF ALBUQUERQUE","City","Albuquerque","Bernalillo","547",316,56,0,0,122,0,0,0,0,0,21,18,0,0,0,99,0
"2025","Mayor CITY OF ALBUQUERQUE","City","Albuquerque","Bernalillo","548",309,45,0,0,107,0,0,0,0,0,13,16,0,0,0,128,0
"2025","Mayor CITY OF ALBUQUERQUE","City","Albuquerque","Bernalillo","549",346,44,0,7,145,0,0,0,0,0,21,28,0,0,0,101,0
"2025","Mayor CITY OF ALBUQUERQUE","City","Albuquerque","Bernalillo","550",299,39,0,0,95,7,0,0,0,0,15,13,0,0,0,130,0
"2025","Mayor CITY OF ALBUQUERQUE","City","Albuquerque","Bernalillo","561",176,34,0,0,67,0,0,0,0,0,10,13,0,0,0,52,0
"2025","Mayor CITY OF ALBUQUERQUE","City","Albuquerque","Bernalillo","562",337,54,0,0,102,0,0,0,0,0,18,25,0,0,0,138,0
"2025","Mayor CITY OF ALBUQUERQUE","City","Albuquerque","Bernalillo","563",247,38,0,0,107,6,0,0,0,0,17,18,0,0,0,61,0
"2025","Mayor CITY OF ALBUQUERQUE","City","Albuquerque","Bernalillo","564",263,33,0,0,123,0,0,0,0,0,11,20,0,0,0,76,0
"2025","Mayor CITY OF ALBUQUERQUE","City","Albuquerque","Bernalillo","565",326,46,0,0,123,8,0,0,0,0,21,18,0,0,0,110,0
"2025","Mayor CITY OF ALBUQUERQUE","City","Albuquerque","Bernalillo","566",446,50,0,0,191,0,0,0,0,0,22,26,0,0,0,157,0
"2025","Mayor CITY OF ALBUQUERQUE","City","Albuquerque","Bernalillo","568",271,24,0,0,143,0,0,0,0,0,25,12,0,0,0,67,0
"2025","Mayor CITY OF ALBUQUERQUE","City","Albuquerque","Bernalillo","581",130,39,0,6,24,0,0,0,0,0,11,9,0,0,0,41,0
"2025","Mayor CITY OF ALBUQUERQUE","City","Albuquerque","Bernalillo","583",317,48,0,0,159,0,0,0,0,0,9,17,0,0,0,84,0
"2025","Mayor CITY OF ALBUQUERQUE","City","Albuquerque","Bernalillo","584",235,32,0,0,107,0,0,0,0,0,6,9,0,0,0,81,0
"2025","Mayor CITY OF ALBUQUERQUE","City","Albuquerque","Bernalillo","585",230,25,0,0,86,0,0,0,0,0,17,11,0,0,0,91,0
"2025","Mayor CITY OF ALBUQUERQUE","City","Albuquerque","Bernalillo","586",285,46,0,0,93,0,0,0,0,0,20,12,0,0,0,114,0
"2025","Mayor CITY OF ALBUQUERQUE","City","Albuquerque","Bernalillo","587",225,45,0,0,56,0,0,0,0,0,11,7,0,0,0,106,0
"2025","Mayor CITY OF ALBUQUERQUE","City","Albuquerque","Bernalillo","588",353,35,0,0,164,0,0,0,0,0,20,17,0,0,0,117,0
"2025","Mayor CITY OF ALBUQUERQUE","City","Albuquerque","Bernalillo","589",195,47,0,0,61,6,0,0,0,0,10,9,0,0,0,62,0
"2025","Mayor CITY OF ALBUQUERQUE","City","Albuquerque","Bernalillo","590",290,46,0,0,112,0,0,0,0,0,12,14,0,0,0,106,0
"2025","Mayor CITY OF ALBUQUERQUE","City","Albuquerque","Bernalillo","591",23,6,0,0,0,0,0,0,0,0,0,0,0,0,0,17,0
"2025","Mayor CITY OF ALBUQUERQUE","City","Albuquerque","Bernalillo","592",354,49,0,0,176,0,0,0,0,0,22,12,0,0,0,95,0
"2025","Mayor CITY OF ALBUQUERQUE","City","Albuquerque","Bernalillo","593",265,64,0,0,91,0,0,0,0,0,16,14,0,0,0,80,0
"2025","Mayor CITY OF ALBUQUERQUE","City","Albuquerque","Bernalillo","594",391,57,0,0,182,7,0,0,0,0,25,15,0,0,0,105,0
"2025","Mayor CITY OF ALBUQUERQUE","City","Albuquerque","Bernalillo","598",187,17,0,0,109,0,0,0,0,0,18,8,0,0,0,35,0
"2025","Mayor CITY OF ALBUQUERQUE","City","Albuquerque","Bernalillo","599",223,37,0,9,61,6,0,0,0,0,25,22,0,0,0,63,0
"2025","Mayor CITY OF ALBUQUERQUE","City","Albuquerque","Bernalillo","600",62,23,0,0,12,0,0,0,0,0,0,7,0,0,0,20,0
"2025","Mayor CITY OF ALBUQUERQUE","City","Albuquerque","Bernalillo","601",280,43,0,0,117,8,0,0,0,0,16,15,0,0,0,81,0
"2025","Mayor CITY OF ALBUQUERQUE","City","Albuquerque","Bernalillo","602",273,47,0,0,92,0,0,0,0,0,23,17,0,0,0,94,0
"2025","Mayor CITY OF ALBUQUERQUE","City","Albuquerque","Bernalillo","603",369,42,0,0,155,0,0,0,0,0,19,20,0,0,0,133,0
"2025","Mayor CITY OF ALBUQUERQUE","City","Albuquerque","Bernalillo","604",84,15,0,0,20,0,0,0,0,0,8,11,0,0,0,30,0
"2025","Mayor CITY OF ALBUQUERQUE","City","Albuquerque","Bernalillo","605",203,30,0,0,68,0,0,0,0,0,25,13,0,0,0,67,0
"2025","Mayor CITY OF ALBUQUERQUE","City","Albuquerque","Bernalillo","606",291,43,0,0,107,6,0,0,0,0,27,19,0,0,0,89,0
"2025","Mayor CITY OF ALBUQUERQUE","City","Albuquerque","Bernalillo","607",193,25,0,0,66,0,0,0,0,0,21,11,0,0,0,70,0
"2025","Mayor CITY OF ALBUQUERQUE","City","Albuquerque","Bernalillo","609",157,26,0,0,51,0,0,0,0,0,17,14,0,0,0,49,0
"2025","Mayor CITY OF ALBUQUERQUE","City","Albuquerque","Bernalillo","610",163,15,0,0,49,10,0,0,0,0,13,10,0,0,0,66,0
"2025","Mayor CITY OF ALBUQUERQUE","City","Albuquerque","Bernalillo","611",227,36,0,0,88,0,0,0,0,0,19,17,0,0,0,67,0
"2025","Mayor CITY OF ALBUQUERQUE","City","Albuquerque","Bernalillo","612",253,37,0,0,96,0,0,0,0,0,9,18,0,0,0,93,0
"2025","Mayor CITY OF ALBUQUERQUE","City","Albuquerque","Bernalillo","613",111,45,0,0,15,0,0,0,0,0,0,0,0,0,0,51,0
"2025","Mayor CITY OF ALBUQUERQUE","City","Albuquerque","Bernalillo","614",254,38,0,0,75,11,0,0,0,0,24,19,0,0,0,87,0
"2025","Mayor CITY OF ALBUQUERQUE","City","Albuquerque","Bernalillo","615",204,26,0,0,83,0,0,0,0,0,21,12,0,0,0,62,0
"2025","Mayor CITY OF ALBUQUERQUE","City","Albuquerque","Bernalillo","616",94,15,0,0,49,0,0,0,0,0,12,0,0,0,0,18,0
"2025","Mayor CITY OF ALBUQUERQUE","City","Albuquerque","Bernalillo","617",75,14,0,0,22,0,0,0,0,0,9,0,0,0,0,30,0
"2025","Mayor CITY OF ALBUQUERQUE","City","Albuquerque","Bernalillo","618",224,51,0,7,64,6,0,0,0,0,23,13,0,0,0,60,0
"2025","Mayor CITY OF ALBUQUERQUE","City","Albuquerque","Bernalillo","619",100,14,0,0,28,0,0,0,0,0,15,6,0,0,0,37,0
"2025","Mayor CITY OF ALBUQUERQUE","City","Albuquerque","Bernalillo","620",48,10,0,0,10,0,0,0,0,0,10,0,0,0,0,18,0
"2025","Mayor CITY OF ALBUQUERQUE","City","Albuquerque","Bernalillo","621",169,33,0,0,49,0,0,0,0,0,16,11,0,0,0,60,0
"2025","Mayor CITY OF ALBUQUERQUE","City","Albuquerque","Bernalillo","622",247,33,0,0,83,0,0,0,0,0,31,6,0,0,0,94,0
"2025","Mayor CITY OF ALBUQUERQUE","City","Albuquerque","Bernalillo","623",196,25,0,0,76,0,0,0,0,0,25,10,0,0,0,60,0
"2025","Mayor CITY OF ALBUQUERQUE","City","Albuquerque","Bernalillo","624",237,23,0,0,99,0,0,0,0,0,12,10,0,0,0,93,0
"2025","Mayor CITY OF ALBUQUERQUE","City","Albuquerque","Bernalillo","625",195,35,0,0,74,0,0,0,0,0,10,9,0,0,0,67,0
"2025","Mayor CITY OF ALBUQUERQUE","City","Albuquerque","Bernalillo","626",314,51,0,0,116,0,0,0,0,0,25,18,0,0,0,104,0
"2025","Mayor CITY OF ALBUQUERQUE","City","Albuquerque","Bernalillo","627",79,14,0,0,22,0,0,0,0,0,0,9,0,0,0,34,0
"2025","Mayor CITY OF ALBUQUERQUE","City","Albuquerque","Bernalillo","628",100,14,0,0,52,0,0,0,0,0,8,0,0,0,0,26,0
"2025","Mayor CITY OF ALBUQUERQUE","City","Albuquerque","Bernalillo","629",179,30,0,0,57,0,0,0,0,0,11,14,0,0,0,67,0
"2025","Mayor CITY OF ALBUQUERQUE","City","Albuquerque","Bernalillo","631",66,15,0,0,28,0,0,0,0,0,0,0,0,0,0,23,0
"2025","Mayor CITY OF ALBUQUERQUE","City","Albuquerque","Bernalillo","632",194,36,0,0,60,0,0,0,0,0,14,18,0,0,0,66,0
"2025","Mayor CITY OF ALBUQUERQUE","City","Albuquerque","Bernalillo","633",172,27,0,0,59,0,0,0,0,0,22,12,0,0,0,52,0
"2025","Mayor CITY OF ALBUQUERQUE","City","Albuquerque","Bernalillo","634",207,62,0,0,32,0,0,0,0,0,7,13,0,0,0,93,0
"2025","Mayor CITY OF ALBUQUERQUE","City","Albuquerque","Bernalillo","635",192,26,0,0,86,0,0,0,0,0,14,8,0,0,0,58,0
"2025","Mayor CITY OF ALBUQUERQUE","City","Albuquerque","Bernalillo","636",228,24,0,0,97,0,0,0,0,0,16,13,0,0,0,78,0
"2025","Mayor CITY OF ALBUQUERQUE","City","Albuquerque","Bernalillo","638",134,26,0,0,53,0,0,0,0,0,7,11,0,0,0,37,0
"2025","Mayor CITY OF ALBUQUERQUE","City","Albuquerque","Bernalillo","639",207,34,0,0,71,6,0,0,0,0,17,12,0,0,0,67,0
"2025","Mayor CITY OF ALBUQUERQUE","City","Albuquerque","Bernalillo","640",142,48,0,0,13,0,0,0,0,0,7,10,0,0,0,64,0
"2025","Mayor CITY OF ALBUQUERQUE","City","Albuquerque","Bernalillo","641",84,19,0,0,25,0,0,0,0,0,7,6,0,0,0,27,0
"2025","Mayor CITY OF ALBUQUERQUE","City","Albuquerque","Bernalillo","642",112,23,0,0,26,0,0,0,0,0,6,10,0,0,0,47,0
"2025","Mayor CITY OF ALBUQUERQUE","City","Albuquerque","Bernalillo","643",206,30,0,0,63,0,0,0,0,0,25,12,0,0,0,76,0
"2025","Mayor CITY OF ALBUQUERQUE","City","Albuquerque","Bernalillo","644",201,35,0,0,71,0,0,0,0,0,22,8,0,0,0,65,0
"2025","Mayor CITY OF ALBUQUERQUE","City","Albuquerque","Bernalillo","645",86,15,0,0,31,0,0,0,0,0,10,0,0,0,0,30,0
"2025","Mayor CITY OF ALBUQUERQUE","City","Albuquerque","Bernalillo","646",128,20,0,0,34,0,0,0,0,0,13,12,0,0,0,49,0
"2025","Mayor CITY OF ALBUQUERQUE","City","Albuquerque","Bernalillo","647",132,18,0,0,69,0,0,0,0,0,9,7,0,0,0,29,0
"2025","Mayor CITY OF ALBUQUERQUE","City","Albuquerque","Bernalillo","648",301,30,0,0,123,7,0,0,0,0,27,22,0,0,0,92,0
"2025","Mayor CITY OF ALBUQUERQUE","City","Albuquerque","Bernalillo","649",260,63,0,0,73,6,0,0,0,0,20,15,0,0,0,83,0
"2025","Mayor CITY OF ALBUQUERQUE","City","Albuquerque","Bernalillo","650",152,26,0,0,56,0,0,0,0,0,13,6,0,0,0,51,0
"2025","Mayor CITY OF ALBUQUERQUE","City","Albuquerque","Bernalillo","651",0,0,0,0,0,0,0,0,0,0,0,0,0,0,0,0,0
"2025","Mayor CITY OF ALBUQUERQUE","City","Albuquerque","Bernalillo","652",84,16,0,0,27,0,0,0,0,0,11,0,0,0,0,30,0
"2025","Mayor CITY OF ALBUQUERQUE","City","Albuquerque","Bernalillo","653",39,11,0,0,9,0,0,0,0,0,0,0,0,0,0,19,0
"2025","Mayor CITY OF ALBUQUERQUE","City","Albuquerque","Bernalillo","655",106,18,0,0,29,0,0,0,0,0,21,8,0,0,0,30,0
"2025","Mayor CITY OF ALBUQUERQUE","City","Albuquerque","Bernalillo","656",144,25,0,0,58,0,0,0,0,0,19,8,0,0,0,34,0
"2025","Mayor CITY OF ALBUQUERQUE","City","Albuquerque","Bernalillo","657",180,31,0,0,64,0,0,0,0,0,12,15,0,0,0,58,0
"2025","Mayor CITY OF ALBUQUERQUE","City","Albuquerque","Bernalillo","658",113,30,0,0,36,0,0,0,0,0,0,6,0,0,0,41,0
"2025","Mayor CITY OF ALBUQUERQUE","City","Albuquerque","Bernalillo","659",175,23,0,0,81,0,0,0,0,0,0,15,0,0,0,56,0
"2025","Mayor CITY OF ALBUQUERQUE","City","Albuquerque","Bernalillo","660",119,33,0,0,31,0,0,0,0,0,0,9,0,0,0,46,0
"2025","Mayor CITY OF ALBUQUERQUE","City","Albuquerque","Bernalillo","661",218,33,0,0,73,0,0,0,0,0,19,22,0,0,0,71,0
"2025","Mayor CITY OF ALBUQUERQUE","City","Albuquerque","Bernalillo","662",194,29,0,0,68,0,0,0,0,0,18,12,0,0,0,67,0
"2025","Mayor CITY OF ALBUQUERQUE","City","Albuquerque","Bernalillo","663",126,27,0,0,25,0,0,0,0,0,6,6,0,0,0,62,0
"2025","Mayor CITY OF ALBUQUERQUE","City","Albuquerque","Bernalillo","664",56,6,0,0,29,0,0,0,0,0,0,0,0,0,0,21,0
"2025","Mayor CITY OF ALBUQUERQUE","City","Albuquerque","Bernalillo","665",180,21,0,0,66,0,0,0,0,0,15,11,0,0,0,67,0
"2025","Mayor CITY OF ALBUQUERQUE","City","Albuquerque","Bernalillo","666",123,19,0,0,25,0,0,0,0,0,7,12,0,0,0,60,0
"2025","Mayor CITY OF ALBUQUERQUE","City","Albuquerque","Bernalillo","668",189,34,0,0,73,0,0,0,0,0,17,11,0,0,0,54,0
"2025","Mayor CITY OF ALBUQUERQUE","City","Albuquerque","Bernalillo","669",93,23,0,0,31,0,0,0,0,0,0,0,0,0,0,39,0
"2025","Mayor CITY OF ALBUQUERQUE","City","Albuquerque","Bernalillo","670",252,39,0,8,65,6,0,0,0,0,9,25,0,0,0,100,0
"2025","Mayor CITY OF ALBUQUERQUE","City","Albuquerque","Bernalillo","671",133,29,0,0,40,0,0,0,0,0,0,10,0,0,0,54,0
"2025","Mayor CITY OF ALBUQUERQUE","City","Albuquerque","Bernalillo","672",103,14,0,0,51,0,0,0,0,0,0,7,0,0,0,31,0
"2025","Mayor CITY OF ALBUQUERQUE","City","Albuquerque","Bernalillo","673",129,20,0,0,59,0,0,0,0,0,7,7,0,0,0,36,0
"2025","Mayor CITY OF ALBUQUERQUE","City","Albuquerque","Bernalillo","674",169,19,0,0,64,0,0,0,0,0,11,9,0,0,0,66,0
"2025","Mayor CITY OF ALBUQUERQUE","City","Albuquerque","Bernalillo","675",181,25,0,0,73,0,0,0,0,0,16,12,0,0,0,55,0
"2025","Mayor CITY OF ALBUQUERQUE","City","Albuquerque","Bernalillo","676",192,26,0,0,86,0,0,0,0,0,8,10,0,0,0,62,0
"2025","Mayor CITY OF ALBUQUERQUE","City","Albuquerque","Bernalillo","677",92,34,0,0,22,0,0,0,0,0,0,0,0,0,0,36,0
"2025","Mayor CITY OF ALBUQUERQUE","City","Albuquerque","Bernalillo","678",99,25,0,0,36,0,0,0,0,0,6,10,0,0,0,22,0
"2025","Mayor CITY OF ALBUQUERQUE","City","Albuquerque","Bernalillo","679",217,35,0,0,78,0,0,0,0,0,7,15,0,0,0,82,0
"2025","Mayor CITY OF ALBUQUERQUE","City","Albuquerque","Bernalillo","680",227,38,0,0,87,0,0,0,0,0,8,10,0,0,0,84,0
"2025","Mayor CITY OF ALBUQUERQUE","City","Albuquerque","Bernalillo","682",202,33,0,0,84,0,0,0,0,0,7,9,0,0,0,69,0
"2025","Mayor CITY OF ALBUQUERQUE","City","Albuquerque","Bernalillo","683",104,12,0,0,52,0,0,0,0,0,0,0,0,0,0,40,0
"2025","Mayor CITY OF ALBUQUERQUE","City","Albuquerque","Bernalillo","685",113,15,0,0,49,0,0,0,0,0,0,0,0,0,0,49,0
"2025","Mayor CITY OF ALBUQUERQUE","City","Albuquerque","Bernalillo","686",207,29,0,0,79,8,0,0,0,0,9,13,0,0,0,69,0
"2025","Mayor CITY OF ALBUQUERQUE","City","Albuquerque","Bernalillo","687",79,12,0,0,21,0,0,0,0,0,9,11,0,0,0,26,0
"2025","Mayor CITY OF ROSWELL","City","Roswell","Chaves","001",0,0,0,0,0,0,0,0,0,0,0,0,0,0,0,0,0
"2025","Mayor CITY OF ROSWELL","City","Roswell","Chaves","002",173,0,28,0,0,0,14,0,49,0,0,0,0,0,0,0,82
"2025","Mayor CITY OF ROSWELL","City","Roswell","Chaves","003",201,0,56,0,0,0,17,0,47,0,0,0,0,0,0,0,81
"2025","Mayor CITY OF ROSWELL","City","Roswell","Chaves","004",173,0,48,0,0,0,24,0,30,0,0,0,0,0,0,0,71
"2025","Mayor CITY OF ROSWELL","City","Roswell","Chaves","005",205,0,58,0,0,0,27,0,33,0,0,0,0,0,0,0,87
"2025","Mayor CITY OF ROSWELL","City","Roswell","Chaves","006",157,0,33,0,0,0,25,0,33,0,0,0,0,0,0,0,66
"2025","Mayor CITY OF ROSWELL","City","Roswell","Chaves","007",263,0,54,0,0,0,37,0,53,0,0,0,0,0,0,0,119
"2025","Mayor CITY OF ROSWELL","City","Roswell","Chaves","008",267,0,73,0,0,0,31,0,62,0,0,0,0,0,0,0,101
"2025","Mayor CITY OF ROSWELL","City","Roswell","Chaves","009",132,0,22,0,0,0,7,0,23,0,0,0,0,0,0,0,80
"2025","Mayor CITY OF ROSWELL","City","Roswell","Chaves","010",6,0,0,0,0,0,0,0,0,0,0,0,0,0,0,0,6
"2025","Mayor CITY OF ROSWELL","City","Roswell","Chaves","011",95,0,26,0,0,0,10,0,15,0,0,0,0,0,0,0,44
"2025","Mayor CITY OF ROSWELL","City","Roswell","Chaves","013",184,0,43,0,0,0,33,0,43,0,0,0,0,0,0,0,65
"2025","Mayor CITY OF ROSWELL","City","Roswell","Chaves","014",162,0,28,0,0,0,32,0,32,0,0,0,0,0,0,0,70
"2025","Mayor CITY OF ROSWELL","City","Roswell","Chaves","015",119,0,31,0,0,0,11,0,14,0,0,0,0,0,0,0,63
"2025","Mayor CITY OF ROSWELL","City","Roswell","Chaves","016",129,0,23,0,0,0,15,0,23,0,0,0,0,0,0,0,68
"2025","Mayor CITY OF ROSWELL","City","Roswell","Chaves","017",238,0,55,0,0,0,20,0,31,0,0,0,0,0,0,0,132
"2025","Mayor CITY OF ROSWELL","City","Roswell","Chaves","018",211,0,61,0,0,0,16,0,31,0,0,0,0,0,0,0,103
"2025","Mayor CITY OF ROSWELL","City","Roswell","Chaves","020",182,0,46,0,0,0,13,0,33,0,0,0,0,0,0,0,90
"2025","Mayor CITY OF ROSWELL","City","Roswell","Chaves","021",228,0,53,0,0,0,21,0,44,0,0,0,0,0,0,0,110
"2025","Mayor CITY OF ROSWELL","City","Roswell","Chaves","022",207,0,38,0,0,0,19,0,36,0,0,0,0,0,0,0,114
"2025","Mayor CITY OF ROSWELL","City","Roswell","Chaves","023",123,0,27,0,0,0,9,0,29,0,0,0,0,0,0,0,58
"2025","Mayor CITY OF ROSWELL","City","Roswell","Chaves","024",62,0,11,0,0,0,11,0,15,0,0,0,0,0,0,0,25
"2025","Mayor CITY OF ROSWELL","City","Roswell","Chaves","025",88,0,20,0,0,0,7,0,11,0,0,0,0,0,0,0,50
"2025","Mayor CITY OF ROSWELL","City","Roswell","Chaves","031",154,0,36,0,0,0,26,0,34,0,0,0,0,0,0,0,58
"2025","Mayor CITY OF ROSWELL","City","Roswell","Chaves","032",68,0,11,0,0,0,7,0,17,0,0,0,0,0,0,0,33
"2025","Mayor CITY OF ROSWELL","City","Roswell","Chaves","033",95,0,23,0,0,0,12,0,20,0,0,0,0,0,0,0,40
"2025","Mayor CITY OF ROSWELL","City","Roswell","Chaves","034",57,0,14,0,0,0,10,0,15,0,0,0,0,0,0,0,18
"2025","Mayor CITY OF ROSWELL","City","Roswell","Chaves","035",134,0,24,0,0,0,28,0,21,0,0,0,0,0,0,0,61
"2025","Mayor CITY OF ROSWELL","City","Roswell","Chaves","036",48,0,9,0,0,0,0,0,18,0,0,0,0,0,0,0,21
"2025","Mayor CITY OF ROSWELL","City","Roswell","Chaves","041",108,0,28,0,0,0,17,0,28,0,0,0,0,0,0,0,35
"2025","Mayor CITY OF ROSWELL","City","Roswell","Chaves","042",68,0,8,0,0,0,12,0,17,0,0,0,0,0,0,0,31
"2025","Mayor CITY OF ROSWELL","City","Roswell","Chaves","043",65,0,15,0,0,0,10,0,13,0,0,0,0,0,0,0,27
"2025","Mayor CITY OF ROSWELL","City","Roswell","Chaves","051",33,0,0,0,0,0,11,0,8,0,0,0,0,0,0,0,14
"2025","Mayor CITY OF ROSWELL","City","Roswell","Chaves","052",65,0,0,0,0,0,18,0,15,0,0,0,0,0,0,0,32
"2025","Mayor CITY OF ROSWELL","City","Roswell","Chaves","061",30,0,0,0,0,0,8,0,6,0,0,0,0,0,0,0,16
"2025","Mayor CITY OF ROSWELL","City","Roswell","Chaves","062",56,0,0,0,0,0,9,0,13,0,0,0,0,0,0,0,34
"2025","Mayor CITY OF ROSWELL","City","Roswell","Chaves","063",61,0,6,0,0,0,10,0,13,0,0,0,0,0,0,0,32
"2025","Mayor CITY OF ROSWELL","City","Roswell","Chaves","064",96,0,10,0,0,0,19,0,23,0,0,0,0,0,0,0,44
"2025","Mayor CITY OF ROSWELL","City","Roswell","Chaves","081",65,0,16,0,0,0,8,0,12,0,0,0,0,0,0,0,29
"2025","Mayor CITY OF ROSWELL","City","Roswell","Chaves","082",122,0,22,0,0,0,25,0,26,0,0,0,0,0,0,0,49
"2025","Mayor CITY OF ROSWELL","City","Roswell","Chaves","083",81,0,9,0,0,0,15,0,19,0,0,0,0,0,0,0,38
"2025","Mayor CITY OF ROSWELL","City","Roswell","Chaves","084",131,0,33,0,0,0,19,0,35,0,0,0,0,0,0,0,44
"2025","Mayor CITY OF ROSWELL","City","Roswell","Chaves","085",116,0,28,0,0,0,20,0,27,0,0,0,0,0,0,0,41
"2025","Mayor CITY OF ROSWELL","City","Roswell","Chaves","090",88,0,14,0,0,0,19,0,22,0,0,0,0,0,0,0,33
"2025","Mayor CITY OF ROSWELL","City","Roswell","Chaves","091",167,0,45,0,0,0,27,0,41,0,0,0,0,0,0,0,54
"2025","Mayor CITY OF ROSWELL","City","Roswell","Chaves","092",19,0,0,0,0,0,0,0,8,0,0,0,0,0,0,0,11
"2025","Mayor CITY OF ROSWELL","City","Roswell","Chaves","093",237,0,40,0,0,0,41,0,48,0,0,0,0,0,0,0,108
"2025","Mayor CITY OF ROSWELL","City","Roswell","Chaves","094",32,0,0,0,0,0,12,0,6,0,0,0,0,0,0,0,14
"2025","Mayor CITY OF ROSWELL","City","Roswell","Chaves","095",44,0,9,0,0,0,10,0,11,0,0,0,0,0,0,0,14
